Student_ID,Age,Gender,Attendance,Study_Hours,Previous_Score,Assignment_Score,Internal_Marks,Participation,Previous_Failures,Final_Score,Performance,Risk_Level
STU0001,23,Male,50.9,7.1,51.3,76.2,40.1,1,1,50.7,Medium,Medium Risk
STU0002,20,Female,99.4,7.2,70.9,81.0,93.3,7,1,86.5,High,Low Risk
STU0003,21,Male,71.4,7.1,87.0,74.5,66.1,3,3,69.9,Medium,Medium Risk
STU0004,23,Male,69.2,2.7,91.8,65.7,71.9,10,0,70.0,Medium,Medium Risk
STU0005,19,Male,84.0,4.2,41.4,56.6,49.2,8,3,45.2,Low,High Risk
STU0006,21,Male,60.9,7.9,44.3,86.1,64.0,3,0,70.8,Medium,Medium Risk
STU0007,21,Female,97.5,6.4,91.7,53.6,60.7,1,2,68.2,Medium,Low Risk
STU0008,23,Female,89.3,1.2,79.2,81.5,39.5,5,0,62.6,Medium,Medium Risk
STU0009,18,Female,54.5,1.5,88.0,54.0,41.4,2,0,51.6,Medium,High Risk
STU0010,19,Male,70.9,4.2,47.2,77.5,85.2,4,2,56.2,Medium,Medium Risk
STU0011,23,Female,94.0,7.4,70.3,84.8,49.4,1,0,86.5,High,Low Risk
STU0012,19,Male,97.2,4.8,77.1,53.1,46.7,9,3,51.5,Medium,Medium Risk
STU0013,19,Female,73.4,4.5,75.8,43.6,65.3,6,1,60.7,Medium,Medium Risk
STU0014,21,Female,80.7,1.7,59.5,47.9,81.1,8,1,52.5,Medium,Medium Risk
STU0015,20,Female,58.4,5.6,35.9,76.4,38.7,4,3,55.2,Medium,Medium Risk
STU0016,19,Male,99.6,6.8,70.0,91.0,69.6,9,2,80.5,High,Low Risk
STU0017,22,Female,61.6,3.7,50.2,42.7,42.2,2,0,46.3,Low,High Risk
STU0018,21,Female,97.1,6.4,62.0,84.0,37.2,9,3,62.3,Medium,Medium Risk
STU0019,18,Male,82.5,7.8,92.5,60.5,38.2,5,1,81.6,High,Low Risk
STU0020,20,Female,80.4,2.4,58.9,68.7,85.0,6,1,57.5,Medium,Medium Risk
STU0021,22,Male,75.6,4.7,85.4,95.7,42.1,3,3,52.7,Medium,Medium Risk
STU0022,22,Female,61.5,3.0,46.3,59.9,37.7,4,1,47.1,Low,High Risk
STU0023,18,Male,58.8,6.5,75.3,67.9,61.3,6,3,61.0,Medium,Medium Risk
STU0024,20,Male,61.0,5.0,93.6,40.8,85.6,7,1,70.0,Medium,Medium Risk
STU0025,21,Female,59.3,5.4,41.1,44.9,50.7,1,3,47.8,Low,High Risk
STU0026,17,Male,89.0,6.6,35.5,55.5,60.3,7,0,75.1,High,Low Risk
STU0027,20,Male,67.5,3.8,61.0,41.7,37.4,1,0,43.7,Low,High Risk
STU0028,18,Male,52.9,7.4,40.6,77.9,61.9,5,0,57.9,Medium,Medium Risk
STU0029,22,Male,98.5,4.7,79.9,65.6,69.7,6,0,79.4,High,Low Risk
STU0030,21,Male,94.2,2.1,89.9,72.9,69.3,2,1,63.0,Medium,Medium Risk
STU0031,20,Male,96.4,5.9,61.0,50.5,54.9,10,2,56.3,Medium,Medium Risk
STU0032,17,Female,99.7,6.6,50.5,57.8,53.9,9,3,71.3,Medium,Low Risk
STU0033,17,Male,58.7,3.2,61.1,79.8,41.4,10,2,41.0,Low,High Risk
STU0034,19,Male,69.8,7.0,78.4,97.9,57.0,6,1,72.0,Medium,Medium Risk
STU0035,19,Female,87.9,7.3,35.5,43.0,41.0,7,1,58.7,Medium,Medium Risk
STU0036,23,Female,84.8,2.9,70.4,93.4,81.0,10,2,73.3,Medium,Low Risk
STU0037,18,Female,57.7,7.9,71.8,74.6,93.0,8,2,63.0,Medium,Medium Risk
STU0038,20,Female,90.8,2.0,73.3,73.8,93.2,10,1,71.1,Medium,Low Risk
STU0039,20,Female,61.2,2.4,49.5,70.0,86.9,1,1,51.6,Medium,High Risk
STU0040,23,Female,61.2,2.3,77.8,44.2,71.0,8,3,51.6,Medium,High Risk
STU0041,22,Female,76.8,7.3,40.5,45.4,77.1,4,0,63.2,Medium,Medium Risk
STU0042,22,Male,79.6,5.6,47.0,76.1,52.1,10,0,73.0,Medium,Low Risk
STU0043,23,Male,79.0,2.1,87.6,60.5,72.8,8,3,52.7,Medium,Medium Risk
STU0044,22,Female,54.6,4.1,79.3,95.0,62.3,6,2,48.2,Low,High Risk
STU0045,19,Male,93.9,5.3,35.8,64.4,63.9,9,1,59.4,Medium,Medium Risk
STU0046,20,Male,63.3,1.6,49.9,48.6,80.5,4,2,45.9,Low,High Risk
STU0047,23,Male,56.5,7.2,47.9,82.9,51.9,2,0,69.9,Medium,Medium Risk
STU0048,20,Female,94.4,6.6,51.2,57.6,54.1,2,0,63.5,Medium,Medium Risk
STU0049,17,Female,97.8,4.5,49.9,71.5,90.5,5,2,62.3,Medium,Medium Risk
STU0050,19,Male,93.1,7.8,38.8,81.9,38.4,10,0,75.3,High,Low Risk
STU0051,21,Female,90.5,3.9,62.5,94.0,64.1,9,1,61.9,Medium,Medium Risk
STU0052,19,Male,82.8,7.9,79.0,87.5,89.8,3,3,77.4,High,Low Risk
STU0053,23,Male,77.5,5.7,71.4,80.6,71.6,8,2,67.5,Medium,Low Risk
STU0054,21,Male,54.3,5.4,75.4,80.8,67.8,4,1,65.9,Medium,Medium Risk
STU0055,17,Male,70.4,2.2,39.9,96.8,50.0,6,1,48.9,Low,High Risk
STU0056,23,Female,68.6,7.2,92.1,57.7,55.6,10,0,68.7,Medium,Medium Risk
STU0057,18,Female,63.0,4.0,85.3,40.1,86.1,6,1,64.7,Medium,Medium Risk
STU0058,20,Female,86.2,2.1,83.3,56.3,68.6,3,2,55.1,Medium,Medium Risk
STU0059,17,Male,74.8,1.1,84.4,53.1,65.9,5,1,49.7,Low,High Risk
STU0060,20,Female,54.1,4.9,91.0,79.7,41.0,3,3,61.3,Medium,Medium Risk
STU0061,22,Male,61.0,4.7,67.7,78.0,36.0,1,1,58.9,Medium,Medium Risk
STU0062,18,Female,84.2,6.0,47.0,75.6,92.8,7,1,81.2,High,Low Risk
STU0063,18,Male,53.8,7.2,72.0,41.0,57.6,4,3,58.4,Medium,Medium Risk
STU0064,17,Male,92.6,1.6,79.6,83.7,71.2,7,1,60.5,Medium,Medium Risk
STU0065,18,Male,74.8,6.1,79.3,59.4,39.8,3,1,64.2,Medium,Medium Risk
STU0066,21,Female,74.0,2.3,66.3,79.9,76.0,5,0,59.6,Medium,Medium Risk
STU0067,18,Female,79.6,7.0,39.1,73.4,91.0,5,2,60.2,Medium,Medium Risk
STU0068,20,Female,91.2,6.7,57.3,60.6,69.5,2,0,71.8,Medium,Low Risk
STU0069,20,Female,67.4,4.8,90.2,48.1,42.6,10,2,61.5,Medium,Medium Risk
STU0070,23,Male,83.9,6.0,70.1,45.7,69.9,2,3,63.2,Medium,Medium Risk
STU0071,20,Female,78.3,3.2,67.3,89.9,81.0,4,3,54.8,Medium,Medium Risk
STU0072,23,Female,63.4,4.3,51.1,95.1,59.4,4,3,51.6,Medium,Medium Risk
STU0073,20,Male,93.9,6.8,57.1,79.0,87.8,4,2,74.6,Medium,Low Risk
STU0074,21,Male,89.9,4.2,88.7,46.2,73.9,6,2,58.0,Medium,Medium Risk
STU0075,23,Male,82.9,3.5,75.0,64.1,89.0,2,2,69.5,Medium,Low Risk
STU0076,19,Female,92.5,4.5,82.2,83.7,72.4,6,3,67.7,Medium,Low Risk
STU0077,22,Male,93.4,6.8,62.3,86.8,42.9,7,2,61.5,Medium,Medium Risk
STU0078,17,Male,85.4,3.3,72.8,47.1,53.6,10,1,51.7,Medium,Medium Risk
STU0079,20,Male,91.9,2.2,49.9,40.0,47.1,3,0,59.4,Medium,Medium Risk
STU0080,18,Female,84.9,6.0,77.3,82.7,89.5,8,3,71.1,Medium,Low Risk
STU0081,20,Male,84.0,6.8,60.7,61.4,80.6,2,0,81.4,High,Low Risk
STU0082,18,Female,80.9,1.7,61.6,55.3,75.6,8,1,65.1,Medium,Low Risk
STU0083,22,Female,87.6,2.7,74.0,40.8,53.1,5,2,59.3,Medium,Medium Risk
STU0084,22,Male,57.9,2.0,91.2,72.4,46.0,2,0,55.1,Medium,High Risk
STU0085,22,Male,94.0,3.4,38.8,91.1,80.4,7,1,54.0,Medium,Medium Risk
STU0086,18,Female,93.6,4.2,84.5,97.5,63.4,2,1,76.7,High,Low Risk
STU0087,20,Male,51.5,6.2,52.5,73.9,48.5,6,0,70.1,Medium,Medium Risk
STU0088,22,Male,91.3,5.6,61.6,70.9,72.0,10,3,65.0,Medium,Low Risk
STU0089,21,Female,56.4,5.3,36.3,45.1,37.4,3,0,38.9,Low,High Risk
STU0090,23,Female,66.8,3.5,53.1,72.9,54.6,9,3,45.6,Low,High Risk
STU0091,18,Male,87.2,6.9,65.2,62.8,63.1,3,2,67.2,Medium,Low Risk
STU0092,18,Female,58.0,4.3,38.4,76.4,43.9,3,3,38.7,Low,High Risk
STU0093,20,Male,90.9,7.9,64.5,63.3,94.1,5,2,64.9,Medium,Medium Risk
STU0094,18,Male,91.6,5.4,90.6,54.4,47.5,7,0,71.7,Medium,Low Risk
STU0095,18,Male,75.4,1.9,41.3,45.7,42.8,8,2,37.4,Low,High Risk
STU0096,22,Female,50.3,5.7,80.9,58.9,47.2,7,1,67.1,Medium,Medium Risk
STU0097,20,Male,64.4,3.3,59.6,45.8,81.1,9,2,53.9,Medium,Medium Risk
STU0098,22,Male,80.8,5.8,74.3,50.6,60.5,5,3,62.6,Medium,Medium Risk
STU0099,23,Male,99.1,1.5,50.6,99.2,68.9,10,3,57.7,Medium,Medium Risk
STU0100,23,Female,81.6,2.2,44.6,66.6,36.3,3,3,43.5,Low,High Risk
STU0101,22,Female,63.0,7.0,44.6,71.9,37.1,6,2,46.1,Low,High Risk
STU0102,23,Female,81.7,2.6,39.2,92.4,61.7,5,3,46.8,Low,High Risk
STU0103,20,Female,77.0,6.9,46.1,99.7,84.0,4,3,73.9,Medium,Low Risk
STU0104,17,Female,89.0,3.0,74.9,75.0,88.1,2,1,71.6,Medium,Low Risk
STU0105,22,Male,55.3,5.5,87.9,88.7,40.2,7,2,58.5,Medium,Medium Risk
STU0106,21,Female,88.1,5.9,83.8,59.6,67.3,5,1,75.4,High,Low Risk
STU0107,21,Female,77.1,4.6,76.1,58.3,89.8,4,3,66.2,Medium,Low Risk
STU0108,18,Female,98.1,3.1,41.6,64.2,58.3,8,3,62.8,Medium,Medium Risk
STU0109,23,Male,67.1,2.5,52.4,80.4,84.8,9,3,54.3,Medium,Medium Risk
STU0110,21,Female,81.6,1.2,53.6,80.9,43.0,9,2,43.5,Low,High Risk
STU0111,18,Female,96.6,3.1,50.0,58.9,91.1,3,0,68.4,Medium,Low Risk
STU0112,17,Male,55.1,5.6,65.9,48.0,80.1,3,3,58.2,Medium,Medium Risk
STU0113,20,Female,96.9,7.6,67.1,77.9,91.5,5,3,82.6,High,Low Risk
STU0114,20,Male,84.4,7.1,56.4,47.7,75.6,5,3,55.3,Medium,Medium Risk
STU0115,20,Male,53.4,6.4,56.2,74.7,56.8,10,3,55.4,Medium,Medium Risk
STU0116,21,Male,65.0,6.5,84.7,81.6,91.3,2,2,69.5,Medium,Medium Risk
STU0117,17,Male,85.4,5.7,82.4,82.0,51.5,1,0,71.8,Medium,Low Risk
STU0118,21,Male,53.4,2.8,53.5,85.2,54.9,8,0,59.0,Medium,High Risk
STU0119,23,Female,79.1,7.4,89.8,92.4,77.0,3,0,89.2,High,Low Risk
STU0120,21,Male,67.3,5.7,92.2,70.0,80.9,1,3,63.8,Medium,Medium Risk
STU0121,17,Male,81.0,4.9,54.6,83.8,90.8,1,3,64.4,Medium,Medium Risk
STU0122,17,Female,52.3,1.8,56.3,77.2,47.3,2,0,47.2,Low,High Risk
STU0123,23,Male,93.6,4.1,65.3,51.2,82.9,6,0,85.4,High,Low Risk
STU0124,17,Female,98.7,4.2,91.5,41.5,79.3,6,3,68.0,Medium,Low Risk
STU0125,17,Female,98.4,7.1,87.6,57.1,38.8,3,3,63.0,Medium,Medium Risk
STU0126,20,Female,87.5,4.8,41.2,66.6,58.2,4,1,67.4,Medium,Low Risk
STU0127,23,Male,56.5,3.7,58.6,77.0,52.0,2,1,60.8,Medium,Medium Risk
STU0128,19,Male,87.9,7.8,68.2,91.0,53.3,2,1,85.4,High,Low Risk
STU0129,19,Male,51.2,1.8,65.2,51.8,94.0,7,0,67.3,Medium,High Risk
STU0130,17,Female,51.1,4.0,46.6,47.5,73.6,1,2,51.5,Medium,Medium Risk
STU0131,19,Male,66.2,1.3,86.5,97.8,78.1,7,3,56.6,Medium,Medium Risk
STU0132,19,Male,74.4,6.2,75.6,46.5,93.6,1,1,70.9,Medium,Medium Risk
STU0133,17,Male,88.5,7.4,85.3,68.7,57.6,6,2,72.0,Medium,Low Risk
STU0134,19,Female,84.2,3.0,86.5,75.1,83.1,3,3,62.7,Medium,Medium Risk
STU0135,21,Female,72.3,7.0,79.9,72.5,61.1,8,2,74.8,Medium,Medium Risk
STU0136,18,Male,63.7,3.0,61.4,45.2,87.2,6,0,59.9,Medium,Medium Risk
STU0137,23,Male,99.9,7.4,71.6,43.4,45.8,2,0,78.3,High,Low Risk
STU0138,18,Male,71.3,6.3,44.6,46.3,91.9,8,0,71.2,Medium,Medium Risk
STU0139,17,Male,72.6,6.6,75.4,75.1,48.1,5,1,62.1,Medium,Medium Risk
STU0140,20,Female,58.2,1.1,45.8,72.7,54.6,8,3,30.7,Low,High Risk
STU0141,23,Female,89.7,7.7,76.6,54.0,80.4,8,0,75.0,High,Low Risk
STU0142,17,Female,84.7,6.1,48.8,78.3,58.6,6,1,64.5,Medium,Medium Risk
STU0143,20,Female,61.0,3.1,42.1,89.2,71.5,2,1,56.8,Medium,Medium Risk
STU0144,18,Male,54.1,6.8,44.9,42.5,61.7,8,1,52.0,Medium,Medium Risk
STU0145,17,Male,84.0,3.0,35.1,69.9,79.5,6,1,62.4,Medium,Medium Risk
STU0146,23,Male,82.7,7.1,78.1,81.4,48.7,6,0,73.4,Medium,Low Risk
STU0147,23,Female,63.7,1.8,78.9,55.1,38.5,8,1,50.5,Medium,High Risk
STU0148,22,Male,97.5,5.9,65.9,58.5,53.0,1,0,72.3,Medium,Low Risk
STU0149,21,Female,57.6,4.8,44.7,76.8,63.5,2,0,68.2,Medium,Medium Risk
STU0150,19,Female,71.6,1.7,40.0,93.9,45.1,9,1,45.4,Low,High Risk
STU0151,20,Male,97.2,2.7,36.1,88.6,56.3,8,0,73.9,Medium,Low Risk
STU0152,22,Male,71.0,1.1,44.9,75.0,59.0,7,3,40.6,Low,High Risk
STU0153,19,Male,81.9,4.3,88.5,83.8,38.4,7,3,53.5,Medium,Medium Risk
STU0154,19,Female,69.9,3.1,49.5,61.9,70.0,5,2,51.3,Medium,Medium Risk
STU0155,17,Male,63.7,5.2,56.3,78.5,88.1,2,3,76.8,High,Medium Risk
STU0156,19,Female,99.2,3.1,41.3,68.0,44.1,6,0,64.3,Medium,Medium Risk
STU0157,21,Male,70.5,3.1,48.3,51.4,70.9,10,0,59.9,Medium,Medium Risk
STU0158,23,Female,94.7,6.2,66.2,82.1,74.9,3,3,74.7,Medium,Low Risk
STU0159,22,Female,61.5,1.3,71.5,73.4,60.2,4,1,49.1,Low,High Risk
STU0160,19,Male,60.7,7.3,49.7,61.5,77.1,10,1,66.6,Medium,Medium Risk
STU0161,17,Female,51.6,7.0,38.5,94.7,59.6,2,0,64.2,Medium,Medium Risk
STU0162,21,Female,82.6,5.7,58.5,41.3,65.3,2,1,71.9,Medium,Low Risk
STU0163,18,Male,68.4,5.2,49.1,58.9,35.4,8,2,49.3,Low,High Risk
STU0164,23,Female,93.2,7.2,48.2,43.4,76.5,8,2,64.9,Medium,Medium Risk
STU0165,23,Male,73.7,2.3,92.6,86.0,74.7,10,3,55.7,Medium,Medium Risk
STU0166,22,Female,98.4,1.6,72.0,82.1,37.3,6,3,54.5,Medium,Medium Risk
STU0167,23,Male,59.3,2.7,68.4,59.9,57.1,5,1,54.1,Medium,High Risk
STU0168,19,Male,93.4,6.6,59.9,80.5,93.7,8,0,76.6,High,Low Risk
STU0169,17,Female,88.8,1.2,60.7,63.8,60.2,4,3,52.2,Medium,Medium Risk
STU0170,23,Female,88.5,5.1,67.5,85.4,65.1,4,2,69.4,Medium,Low Risk
STU0171,23,Female,92.2,8.0,76.8,67.3,89.6,5,3,82.5,High,Low Risk
STU0172,18,Female,88.1,7.0,77.1,64.7,78.0,1,3,77.3,High,Low Risk
STU0173,18,Female,81.3,4.7,45.3,96.1,69.9,1,2,64.0,Medium,Medium Risk
STU0174,20,Male,56.6,1.4,65.0,55.1,82.9,2,0,50.3,Medium,High Risk
STU0175,21,Female,51.6,6.8,59.7,47.2,86.9,8,3,53.1,Medium,Medium Risk
STU0176,19,Male,96.0,5.2,87.2,75.1,62.4,7,3,78.0,High,Low Risk
STU0177,23,Male,80.8,1.8,72.9,98.2,63.5,10,3,58.5,Medium,Medium Risk
STU0178,23,Female,89.8,1.7,67.0,62.7,58.2,9,1,66.9,Medium,Low Risk
STU0179,17,Male,74.1,7.4,41.9,43.7,93.0,5,3,64.1,Medium,Medium Risk
STU0180,20,Male,55.9,5.7,71.3,60.4,76.8,2,2,64.7,Medium,Medium Risk
STU0181,21,Male,56.3,6.8,42.0,70.4,40.0,7,0,62.7,Medium,Medium Risk
STU0182,20,Male,84.3,7.2,55.2,49.7,86.8,8,0,68.8,Medium,Low Risk
STU0183,22,Female,71.5,5.0,43.6,79.5,63.8,7,2,59.3,Medium,Medium Risk
STU0184,21,Male,60.0,4.6,76.5,99.9,39.1,7,1,55.4,Medium,Medium Risk
STU0185,23,Female,74.6,4.0,47.4,67.1,68.0,5,2,54.4,Medium,Medium Risk
STU0186,23,Female,53.2,3.2,58.5,61.3,60.0,2,0,57.4,Medium,Medium Risk
STU0187,21,Male,79.1,4.0,88.7,64.0,87.7,6,2,63.5,Medium,Medium Risk
STU0188,23,Female,63.4,6.4,47.3,46.9,47.2,4,1,57.6,Medium,Medium Risk
STU0189,19,Female,89.9,5.2,65.5,93.0,84.6,10,0,72.0,Medium,Low Risk
STU0190,21,Female,65.5,7.2,60.2,64.9,68.5,2,1,72.6,Medium,Medium Risk
STU0191,20,Male,72.8,4.1,36.1,63.2,38.3,9,2,43.5,Low,High Risk
STU0192,21,Female,50.6,5.2,82.6,79.6,93.3,7,3,58.6,Medium,Medium Risk
STU0193,23,Female,53.6,5.4,39.1,66.5,65.8,6,2,44.7,Low,High Risk
STU0194,19,Female,69.6,5.1,63.5,78.9,52.5,5,1,59.3,Medium,Medium Risk
STU0195,19,Male,74.0,5.9,68.6,43.7,63.2,3,2,50.6,Medium,Medium Risk
STU0196,22,Female,80.0,2.7,72.7,88.8,86.5,10,3,60.2,Medium,Medium Risk
STU0197,20,Male,64.6,4.6,76.3,96.4,53.3,10,1,70.5,Medium,Medium Risk
STU0198,18,Male,84.7,1.7,50.2,78.9,46.6,4,2,49.7,Low,High Risk
STU0199,18,Male,93.0,3.7,35.6,97.3,42.7,3,1,53.9,Medium,Medium Risk
STU0200,21,Male,89.0,4.4,78.4,49.1,52.9,8,1,65.0,Medium,Low Risk
STU0201,22,Male,52.0,5.6,67.1,68.6,81.8,3,0,67.8,Medium,Medium Risk
STU0202,17,Male,74.0,7.7,85.2,76.1,63.3,7,0,88.6,High,Medium Risk
STU0203,21,Female,55.2,5.2,84.3,74.9,48.6,7,1,65.6,Medium,Medium Risk
STU0204,22,Male,62.1,6.2,85.6,64.1,45.0,7,2,62.3,Medium,Medium Risk
STU0205,20,Female,99.3,4.5,64.1,60.3,55.0,7,2,67.5,Medium,Low Risk
STU0206,20,Female,57.1,5.4,55.0,47.6,91.4,2,2,57.5,Medium,Medium Risk
STU0207,20,Male,74.9,1.5,82.5,63.5,55.6,10,3,50.2,Medium,Medium Risk
STU0208,20,Female,80.9,2.8,62.1,49.8,94.3,3,1,71.3,Medium,Low Risk
STU0209,20,Female,85.1,3.5,46.0,84.1,64.1,10,1,53.5,Medium,Medium Risk
STU0210,22,Female,78.0,4.3,86.3,52.5,45.7,9,3,60.4,Medium,Medium Risk
STU0211,22,Female,50.5,1.3,88.0,43.5,88.5,3,1,54.1,Medium,High Risk
STU0212,19,Male,66.3,2.0,63.0,73.1,62.6,2,1,53.2,Medium,Medium Risk
STU0213,18,Female,75.9,2.9,39.5,75.7,77.6,9,3,49.2,Low,High Risk
STU0214,23,Male,54.4,7.8,58.3,92.3,94.0,10,0,78.2,High,Medium Risk
STU0215,20,Female,67.5,3.3,83.2,74.6,38.0,9,1,57.3,Medium,Medium Risk
STU0216,17,Female,51.7,4.4,89.1,60.7,40.8,4,3,47.9,Low,High Risk
STU0217,23,Male,53.9,2.4,47.2,88.2,78.2,9,2,48.3,Low,High Risk
STU0218,22,Female,69.8,5.3,39.0,72.4,51.9,3,0,50.2,Medium,Medium Risk
STU0219,17,Female,56.6,3.0,87.6,44.8,46.1,7,2,45.5,Low,High Risk
STU0220,17,Female,78.4,2.4,58.4,74.0,37.4,7,1,50.3,Medium,Medium Risk
STU0221,17,Male,84.5,4.6,67.5,94.5,36.3,8,0,68.3,Medium,Low Risk
STU0222,19,Female,90.0,1.0,93.1,63.8,81.5,10,3,70.3,Medium,Low Risk
STU0223,22,Male,60.0,1.1,39.0,57.8,43.1,4,1,36.8,Low,High Risk
STU0224,17,Female,58.4,2.5,73.9,48.6,63.1,3,3,41.4,Low,High Risk
STU0225,20,Male,55.2,1.3,39.4,49.1,71.4,3,0,43.0,Low,High Risk
STU0226,21,Male,81.8,1.8,57.5,66.0,60.7,5,2,53.3,Medium,Medium Risk
STU0227,17,Female,85.3,3.4,83.2,75.7,36.6,1,1,65.1,Medium,Low Risk
STU0228,19,Female,51.6,6.6,61.0,44.8,82.0,10,1,65.4,Medium,Medium Risk
STU0229,23,Male,96.8,5.0,94.8,96.4,35.6,3,3,72.4,Medium,Low Risk
STU0230,22,Male,52.6,4.6,68.5,85.3,80.7,6,0,72.1,Medium,Medium Risk
STU0231,19,Female,77.1,3.1,54.3,75.2,88.6,3,3,56.5,Medium,Medium Risk
STU0232,17,Male,85.5,7.5,48.2,89.7,61.0,5,0,85.7,High,Low Risk
STU0233,22,Female,93.5,3.8,56.0,44.8,67.1,9,1,59.4,Medium,Medium Risk
STU0234,21,Female,85.7,1.6,57.4,68.6,63.6,2,0,60.5,Medium,Medium Risk
STU0235,17,Female,90.1,5.3,39.1,77.8,58.4,2,1,70.4,Medium,Low Risk
STU0236,19,Female,67.0,1.8,57.2,89.7,88.2,6,0,66.6,Medium,Medium Risk
STU0237,18,Male,90.7,3.4,62.9,87.0,88.6,6,2,57.3,Medium,Medium Risk
STU0238,20,Female,54.0,4.6,78.4,56.6,55.1,8,0,60.2,Medium,Medium Risk
STU0239,23,Male,94.7,7.1,74.4,96.5,71.9,2,2,83.5,High,Low Risk
STU0240,19,Female,77.4,4.5,77.5,47.5,90.6,9,0,64.6,Medium,Medium Risk
STU0241,22,Male,90.9,5.9,35.5,92.5,92.7,2,0,80.7,High,Low Risk
STU0242,17,Female,72.6,7.9,48.1,98.3,65.5,1,3,68.3,Medium,Medium Risk
STU0243,20,Male,82.2,1.9,74.7,50.6,62.2,10,3,57.2,Medium,Medium Risk
STU0244,17,Male,76.3,2.9,64.0,83.3,51.7,2,1,55.5,Medium,Medium Risk
STU0245,22,Female,86.6,3.8,35.3,42.4,92.5,7,3,59.0,Medium,Medium Risk
STU0246,17,Female,54.1,4.0,83.3,64.3,43.6,8,0,59.3,Medium,Medium Risk
STU0247,18,Female,53.0,3.9,81.4,71.0,69.8,5,3,63.7,Medium,Medium Risk
STU0248,20,Female,62.4,7.4,67.9,74.8,52.0,6,0,83.2,High,Medium Risk
STU0249,20,Male,58.0,6.0,39.0,96.2,51.7,1,2,63.8,Medium,Medium Risk
STU0250,22,Female,93.6,5.3,81.0,80.3,59.3,6,0,79.2,High,Low Risk
STU0251,23,Male,61.0,3.2,70.0,68.9,94.9,8,1,75.2,High,Medium Risk
STU0252,18,Male,98.8,6.8,81.9,88.6,38.3,3,2,76.0,High,Low Risk
STU0253,19,Female,66.8,7.7,80.1,97.0,69.7,1,1,72.9,Medium,Medium Risk
STU0254,17,Male,59.1,6.7,83.2,41.3,40.0,4,1,59.2,Medium,Medium Risk
STU0255,21,Male,89.5,1.0,66.1,99.0,44.3,1,1,62.6,Medium,Medium Risk
STU0256,17,Male,82.9,5.5,43.4,45.2,61.4,8,3,57.3,Medium,Medium Risk
STU0257,17,Male,74.9,1.4,75.3,88.9,65.6,5,1,55.1,Medium,Medium Risk
STU0258,19,Female,77.8,2.8,72.2,56.8,50.5,1,2,48.0,Low,High Risk
STU0259,17,Female,86.0,1.4,79.5,47.9,54.0,8,0,57.2,Medium,Medium Risk
STU0260,18,Female,61.4,5.2,45.2,66.4,40.2,9,1,55.1,Medium,Medium Risk
STU0261,18,Female,99.8,5.8,46.7,78.6,53.2,10,2,68.5,Medium,Low Risk
STU0262,20,Male,98.7,1.8,88.4,62.9,93.0,2,1,72.6,Medium,Low Risk
STU0263,22,Male,82.5,3.7,80.0,43.3,91.7,9,0,66.5,Medium,Low Risk
STU0264,23,Female,60.0,4.2,89.5,76.0,55.1,8,2,68.5,Medium,Medium Risk
STU0265,21,Female,84.0,3.6,80.5,94.1,69.3,7,2,62.7,Medium,Medium Risk
STU0266,17,Female,53.6,1.8,70.8,63.0,89.6,3,0,65.9,Medium,High Risk
STU0267,17,Male,51.5,3.9,74.2,53.0,35.4,2,2,50.2,Medium,Medium Risk
STU0268,19,Female,62.9,6.3,88.3,66.6,83.6,7,0,82.2,High,Medium Risk
STU0269,22,Female,73.1,1.5,69.7,42.9,91.9,5,2,52.6,Medium,Medium Risk
STU0270,18,Female,93.4,1.6,72.9,89.2,40.5,6,2,56.7,Medium,Medium Risk
STU0271,21,Male,86.4,3.5,44.4,89.6,44.7,4,0,61.9,Medium,Medium Risk
STU0272,20,Male,87.1,7.6,63.4,75.3,92.6,2,0,80.9,High,Low Risk
STU0273,18,Male,71.3,5.7,78.0,61.2,67.3,9,2,65.4,Medium,Medium Risk
STU0274,22,Male,67.3,5.8,51.3,88.0,35.9,3,2,63.9,Medium,Medium Risk
STU0275,23,Male,68.6,3.5,47.1,73.3,50.5,7,0,49.9,Low,High Risk
STU0276,20,Male,99.4,5.2,53.8,89.6,62.0,8,3,62.2,Medium,Medium Risk
STU0277,23,Male,52.0,1.1,49.5,77.9,76.6,2,0,48.8,Low,High Risk
STU0278,19,Male,93.4,5.5,47.9,87.1,79.0,6,2,69.1,Medium,Low Risk
STU0279,19,Female,78.9,7.4,60.5,75.9,94.7,8,2,74.0,Medium,Low Risk
STU0280,17,Female,71.9,5.3,89.5,64.8,52.3,7,2,67.2,Medium,Medium Risk
STU0281,23,Male,86.3,7.1,65.4,97.5,67.3,3,0,80.7,High,Low Risk
STU0282,22,Male,74.3,6.1,46.3,72.5,67.0,1,2,62.9,Medium,Medium Risk
STU0283,21,Female,93.7,1.8,39.6,76.3,59.3,6,3,52.1,Medium,Medium Risk
STU0284,20,Male,95.0,7.3,76.8,53.2,45.1,8,1,72.6,Medium,Low Risk
STU0285,18,Male,71.1,1.5,58.0,77.5,93.6,6,3,58.0,Medium,Medium Risk
STU0286,22,Male,63.8,4.7,84.3,74.3,86.2,5,0,72.3,Medium,Medium Risk
STU0287,22,Female,79.6,2.0,74.6,51.1,64.9,8,2,62.7,Medium,Medium Risk
STU0288,19,Female,95.6,1.1,82.8,43.6,71.2,2,0,76.7,High,Low Risk
STU0289,23,Female,60.5,4.0,51.3,76.3,48.6,1,1,57.1,Medium,Medium Risk
STU0290,17,Female,81.1,3.1,76.5,85.8,67.6,1,0,70.9,Medium,Low Risk
STU0291,17,Female,81.6,4.4,50.8,71.4,76.7,4,2,64.7,Medium,Medium Risk
STU0292,20,Male,86.7,5.0,91.3,53.6,65.9,6,1,65.1,Medium,Low Risk
STU0293,19,Female,56.6,1.3,73.2,80.0,94.4,9,1,60.8,Medium,High Risk
STU0294,22,Male,85.8,1.9,54.5,44.8,71.7,1,2,48.5,Low,High Risk
STU0295,21,Male,95.5,4.9,51.2,66.5,57.3,1,2,64.3,Medium,Medium Risk
STU0296,19,Female,59.0,3.4,46.5,49.8,81.3,5,2,46.6,Low,High Risk
STU0297,20,Female,61.9,6.1,76.7,51.1,45.2,10,0,61.0,Medium,Medium Risk
STU0298,20,Male,98.6,5.6,48.1,52.1,58.1,5,3,49.3,Low,High Risk
STU0299,19,Male,59.0,6.9,70.7,63.2,55.8,5,0,60.9,Medium,Medium Risk
STU0300,20,Male,92.7,5.8,50.9,43.1,60.9,10,0,68.3,Medium,Low Risk
STU0301,19,Female,74.6,4.0,74.7,63.9,81.9,6,3,56.2,Medium,Medium Risk
STU0302,18,Female,62.4,5.7,83.9,70.7,64.1,8,2,69.4,Medium,Medium Risk
STU0303,19,Female,93.5,2.9,81.7,69.0,82.6,3,2,63.1,Medium,Medium Risk
STU0304,23,Female,72.3,3.1,80.7,63.0,69.6,9,3,58.6,Medium,Medium Risk
STU0305,19,Female,75.7,6.5,46.3,90.3,55.5,1,3,56.3,Medium,Medium Risk
STU0306,20,Male,68.0,4.1,40.3,48.7,83.6,4,0,61.3,Medium,Medium Risk
STU0307,23,Female,79.6,6.6,76.9,70.3,49.3,9,1,61.5,Medium,Medium Risk
STU0308,20,Male,58.2,6.8,57.1,43.7,48.5,8,3,48.0,Low,High Risk
STU0309,17,Male,69.6,7.0,60.9,44.3,65.3,10,0,62.6,Medium,Medium Risk
STU0310,17,Male,98.5,7.4,36.9,74.4,50.7,9,1,73.2,Medium,Low Risk
STU0311,23,Female,62.9,4.0,50.6,74.0,35.5,1,2,50.4,Medium,Medium Risk
STU0312,18,Female,82.8,3.2,37.0,92.7,73.9,9,2,52.6,Medium,Medium Risk
STU0313,17,Female,66.3,5.1,87.8,73.5,65.7,3,0,70.0,Medium,Medium Risk
STU0314,19,Male,88.7,3.6,49.6,97.6,61.7,10,0,64.2,Medium,Medium Risk
STU0315,20,Male,56.5,5.2,68.4,42.9,93.0,9,3,61.6,Medium,Medium Risk
STU0316,17,Male,98.5,5.9,37.3,45.9,69.3,1,2,67.9,Medium,Low Risk
STU0317,17,Male,72.7,5.8,75.0,42.6,86.8,1,0,64.2,Medium,Medium Risk
STU0318,18,Male,61.8,3.6,54.4,51.1,43.4,9,2,49.8,Low,High Risk
STU0319,23,Male,53.7,2.2,88.9,72.5,69.2,6,2,51.3,Medium,High Risk
STU0320,23,Female,58.5,4.0,88.3,78.7,87.1,4,3,61.2,Medium,Medium Risk
STU0321,22,Female,76.0,2.0,54.5,42.7,70.0,7,1,52.5,Medium,Medium Risk
STU0322,18,Female,66.9,7.2,89.1,96.8,78.1,5,3,82.8,High,Medium Risk
STU0323,19,Female,91.4,3.4,94.8,90.5,57.3,10,0,70.3,Medium,Low Risk
STU0324,23,Male,71.5,2.1,84.5,57.8,40.5,7,3,52.0,Medium,Medium Risk
STU0325,20,Male,62.4,1.2,85.7,44.6,62.5,8,3,40.1,Low,High Risk
STU0326,18,Female,80.9,5.5,49.9,50.2,58.7,8,2,51.0,Medium,Medium Risk
STU0327,17,Male,85.3,5.5,69.6,47.6,87.0,1,3,64.7,Medium,Medium Risk
STU0328,20,Female,58.4,3.4,39.0,47.4,49.6,8,0,48.0,Low,High Risk
STU0329,20,Female,58.4,1.5,40.7,71.1,93.0,6,1,38.6,Low,High Risk
STU0330,17,Female,51.8,3.9,94.9,54.8,92.5,4,3,65.2,Medium,Medium Risk
STU0331,18,Male,86.8,3.2,54.6,61.5,49.9,8,3,40.1,Low,High Risk
STU0332,17,Female,83.2,5.7,79.9,99.4,55.9,3,1,73.4,Medium,Low Risk
STU0333,22,Female,73.7,5.2,83.4,81.1,88.7,4,0,84.6,High,Medium Risk
STU0334,20,Female,92.2,3.6,86.5,96.9,93.0,6,0,93.5,High,Low Risk
STU0335,21,Male,90.3,2.5,94.9,48.6,61.6,7,3,56.6,Medium,Medium Risk
STU0336,21,Male,79.3,7.9,49.5,62.9,54.3,4,2,56.6,Medium,Medium Risk
STU0337,19,Female,93.4,4.2,37.4,73.3,66.6,4,3,63.1,Medium,Medium Risk
STU0338,23,Male,60.3,5.8,59.7,44.6,76.3,7,1,64.8,Medium,Medium Risk
STU0339,17,Male,55.6,2.0,42.8,40.3,51.4,6,1,38.3,Low,High Risk
STU0340,17,Male,63.5,4.4,36.3,80.2,79.2,8,1,55.9,Medium,Medium Risk
STU0341,19,Male,52.9,1.2,56.6,78.5,38.1,1,3,34.4,Low,High Risk
STU0342,19,Male,76.6,4.5,82.0,64.6,38.0,10,3,53.4,Medium,Medium Risk
STU0343,19,Male,96.8,7.7,69.0,69.4,58.2,7,0,80.9,High,Low Risk
STU0344,20,Male,52.0,3.7,53.8,64.9,56.2,7,2,45.2,Low,High Risk
STU0345,22,Male,56.1,1.3,74.3,41.4,53.9,7,3,37.9,Low,High Risk
STU0346,17,Male,72.6,1.2,48.9,60.1,64.5,7,0,56.1,Medium,Medium Risk
STU0347,20,Male,96.7,3.7,35.9,50.6,54.2,10,3,42.6,Low,High Risk
STU0348,19,Female,65.8,2.1,80.9,45.9,46.5,10,0,52.2,Medium,Medium Risk
STU0349,17,Female,75.4,1.2,72.4,97.4,53.6,8,0,53.3,Medium,Medium Risk
STU0350,20,Male,52.1,6.3,80.7,76.0,93.5,9,2,69.6,Medium,Medium Risk
STU0351,22,Female,57.4,4.2,37.3,83.7,59.7,9,3,38.1,Low,High Risk
STU0352,20,Female,99.3,3.0,85.2,58.9,61.7,2,0,75.0,High,Low Risk
STU0353,22,Male,98.3,7.3,72.2,63.6,69.6,7,1,71.2,Medium,Low Risk
STU0354,19,Male,50.2,1.8,68.8,54.2,94.0,7,1,45.9,Low,High Risk
STU0355,22,Male,97.6,7.7,72.5,45.8,49.5,4,1,70.1,Medium,Low Risk
STU0356,17,Female,82.0,3.2,86.9,50.7,75.9,9,2,71.2,Medium,Low Risk
STU0357,19,Female,93.4,7.2,70.2,87.9,78.0,8,0,87.7,High,Low Risk
STU0358,17,Male,72.7,5.2,69.9,80.7,71.4,1,2,55.9,Medium,Medium Risk
STU0359,21,Male,75.8,6.8,94.4,72.8,40.3,2,3,58.1,Medium,Medium Risk
STU0360,18,Male,74.4,7.9,80.4,68.5,75.6,2,3,68.8,Medium,Medium Risk
STU0361,22,Female,83.3,3.0,61.5,95.3,38.8,8,0,73.9,Medium,Low Risk
STU0362,18,Female,57.0,7.7,77.4,44.4,70.8,1,1,62.1,Medium,Medium Risk
STU0363,18,Female,51.5,3.7,58.4,56.8,79.4,4,0,53.6,Medium,Medium Risk
STU0364,22,Female,65.4,3.7,48.7,61.0,47.7,10,0,61.7,Medium,Medium Risk
STU0365,19,Male,85.2,3.4,70.8,86.9,85.5,5,0,75.1,High,Low Risk
STU0366,21,Male,60.1,4.8,90.7,99.6,36.8,9,2,66.7,Medium,Medium Risk
STU0367,17,Male,83.7,2.1,90.7,54.4,85.6,7,3,57.0,Medium,Medium Risk
STU0368,20,Male,98.5,4.9,55.5,92.5,62.6,8,0,73.9,Medium,Low Risk
STU0369,17,Female,54.7,4.8,66.7,89.8,48.1,9,0,68.7,Medium,Medium Risk
STU0370,20,Female,83.6,6.3,47.7,53.5,43.0,7,0,62.1,Medium,Medium Risk
STU0371,17,Male,72.2,6.8,94.7,64.0,92.2,5,2,81.6,High,Medium Risk
STU0372,22,Male,93.4,4.1,93.9,64.6,39.4,5,2,65.9,Medium,Low Risk
STU0373,21,Female,58.9,3.1,74.0,98.7,46.9,10,2,50.3,Medium,Medium Risk
STU0374,20,Male,84.6,2.8,83.3,50.9,55.9,6,0,63.5,Medium,Medium Risk
STU0375,23,Female,91.9,2.4,77.9,87.9,72.2,5,1,74.1,Medium,Low Risk
STU0376,19,Male,97.2,1.4,70.6,60.1,67.7,9,1,64.8,Medium,Medium Risk
STU0377,17,Male,84.2,3.4,38.2,83.9,42.5,3,1,55.1,Medium,Medium Risk
STU0378,17,Male,74.9,2.9,62.3,65.2,52.4,3,3,40.2,Low,High Risk
STU0379,20,Male,80.9,7.8,75.5,74.7,49.3,7,0,66.9,Medium,Low Risk
STU0380,19,Male,93.4,4.9,75.7,90.0,47.8,7,1,62.9,Medium,Medium Risk
STU0381,19,Male,78.5,3.4,57.4,88.2,59.7,6,1,59.2,Medium,Medium Risk
STU0382,22,Male,51.5,5.1,91.5,92.0,77.2,3,1,68.3,Medium,Medium Risk
STU0383,23,Female,96.5,2.0,45.0,43.6,48.0,7,0,46.9,Low,High Risk
STU0384,22,Female,84.5,4.1,65.0,81.5,57.0,5,1,70.1,Medium,Low Risk
STU0385,22,Female,83.8,5.4,76.5,48.4,58.5,7,1,59.4,Medium,Medium Risk
STU0386,22,Female,60.8,4.4,76.8,64.9,93.6,2,0,63.2,Medium,Medium Risk
STU0387,22,Female,82.9,3.8,73.9,72.9,92.3,6,3,65.8,Medium,Low Risk
STU0388,22,Male,69.7,8.0,51.5,64.2,83.0,8,2,72.8,Medium,Medium Risk
STU0389,21,Male,82.6,7.2,44.4,71.2,49.5,1,1,75.4,High,Low Risk
STU0390,19,Female,55.3,5.4,73.2,99.8,39.1,4,2,61.7,Medium,Medium Risk
STU0391,22,Male,82.9,5.0,71.0,48.1,54.0,1,3,64.3,Medium,Medium Risk
STU0392,19,Female,100.0,5.3,45.8,80.5,51.0,1,3,54.6,Medium,Medium Risk
STU0393,19,Female,52.4,2.4,77.3,63.8,65.4,10,1,65.0,Medium,High Risk
STU0394,18,Male,98.9,3.8,62.3,48.0,81.7,8,0,60.9,Medium,Medium Risk
STU0395,21,Male,70.3,1.3,75.1,49.5,86.5,7,3,49.1,Low,High Risk
STU0396,22,Male,93.5,4.3,85.2,97.0,85.7,10,2,79.7,High,Low Risk
STU0397,17,Female,89.1,4.8,45.2,92.8,56.6,1,2,54.5,Medium,Medium Risk
STU0398,20,Male,78.4,2.6,36.1,94.4,76.2,2,2,52.1,Medium,Medium Risk
STU0399,23,Female,86.9,7.7,81.7,99.5,53.8,4,2,71.6,Medium,Low Risk
STU0400,17,Female,93.9,7.4,71.6,52.5,38.7,1,3,61.4,Medium,Medium Risk
STU0401,21,Female,70.2,6.1,77.0,61.3,77.1,3,1,76.9,High,Medium Risk
STU0402,20,Male,66.4,4.7,85.3,80.2,35.6,8,1,61.6,Medium,Medium Risk
STU0403,21,Male,83.4,7.1,83.2,69.0,59.6,8,2,69.2,Medium,Low Risk
STU0404,19,Female,90.4,1.9,92.7,65.1,54.8,8,1,49.2,Low,High Risk
STU0405,20,Male,88.1,6.5,67.2,61.5,76.6,6,2,72.6,Medium,Low Risk
STU0406,19,Male,89.9,1.9,64.3,75.6,81.0,6,2,65.6,Medium,Low Risk
STU0407,17,Male,71.8,6.6,59.1,74.5,53.2,5,0,59.6,Medium,Medium Risk
STU0408,17,Female,90.9,2.9,44.2,49.7,83.7,9,3,53.7,Medium,Medium Risk
STU0409,20,Female,56.0,7.1,69.4,68.3,52.6,4,3,58.4,Medium,Medium Risk
STU0410,20,Male,77.2,7.6,51.6,73.2,61.8,10,2,70.8,Medium,Low Risk
STU0411,22,Female,50.3,2.0,90.3,74.2,78.6,7,3,49.9,Low,High Risk
STU0412,21,Male,66.2,4.2,70.0,52.6,76.6,1,1,56.9,Medium,Medium Risk
STU0413,22,Male,68.3,7.9,70.6,84.5,94.2,9,2,74.2,Medium,Medium Risk
STU0414,21,Male,69.8,4.4,56.3,41.5,48.5,7,0,62.1,Medium,Medium Risk
STU0415,22,Male,84.8,7.0,38.1,61.3,74.7,10,1,72.7,Medium,Low Risk
STU0416,19,Female,69.4,5.1,36.9,86.8,71.6,9,0,64.7,Medium,Medium Risk
STU0417,20,Female,72.4,3.6,60.4,73.8,89.9,7,0,73.3,Medium,Medium Risk
STU0418,17,Female,61.9,3.0,40.1,55.7,44.4,2,3,27.4,Low,High Risk
STU0419,21,Male,68.7,2.4,71.4,81.7,80.1,6,3,60.7,Medium,Medium Risk
STU0420,21,Male,61.4,6.3,87.9,74.0,69.1,10,2,62.0,Medium,Medium Risk
STU0421,17,Male,53.7,3.7,88.0,87.8,51.5,4,3,63.6,Medium,Medium Risk
STU0422,22,Female,80.2,4.6,74.5,84.1,63.5,3,0,66.4,Medium,Low Risk
STU0423,21,Male,83.4,4.4,47.7,76.6,55.0,2,0,59.6,Medium,Medium Risk
STU0424,23,Female,81.0,5.0,86.8,69.3,69.8,6,1,74.3,Medium,Low Risk
STU0425,19,Female,73.2,7.1,88.2,48.0,88.3,8,0,81.8,High,Medium Risk
STU0426,20,Female,69.0,7.9,46.8,55.7,69.2,6,2,60.3,Medium,Medium Risk
STU0427,17,Female,93.2,3.9,79.2,65.1,72.9,9,2,69.1,Medium,Low Risk
STU0428,20,Female,76.0,6.8,52.2,76.0,66.1,5,3,64.5,Medium,Medium Risk
STU0429,23,Female,74.0,6.4,83.2,70.8,38.1,2,3,62.3,Medium,Medium Risk
STU0430,21,Male,51.3,5.0,94.8,57.3,49.0,8,3,51.7,Medium,Medium Risk
STU0431,21,Male,67.1,7.7,36.8,40.4,64.5,9,2,58.9,Medium,Medium Risk
STU0432,23,Female,69.0,2.4,88.8,69.8,53.6,10,0,69.2,Medium,Medium Risk
STU0433,17,Female,69.9,1.8,72.4,57.1,45.9,4,3,39.1,Low,High Risk
STU0434,19,Male,79.0,7.0,93.4,84.1,65.2,6,1,74.4,Medium,Low Risk
STU0435,18,Female,76.7,4.1,62.9,41.4,54.4,10,3,50.2,Medium,Medium Risk
STU0436,17,Female,80.4,6.9,85.8,75.1,50.5,8,2,64.6,Medium,Medium Risk
STU0437,18,Male,88.2,7.3,38.7,96.5,62.8,9,3,57.1,Medium,Medium Risk
STU0438,23,Female,90.6,1.4,55.1,50.5,43.0,5,0,58.8,Medium,Medium Risk
STU0439,22,Female,85.9,7.2,39.0,68.3,90.7,6,3,55.5,Medium,Medium Risk
STU0440,18,Female,97.8,4.1,93.5,45.5,87.1,4,2,69.6,Medium,Low Risk
STU0441,19,Male,50.9,4.6,84.0,77.5,77.5,5,2,65.9,Medium,Medium Risk
STU0442,22,Male,59.8,5.4,86.2,73.0,41.4,7,1,63.3,Medium,Medium Risk
STU0443,18,Male,50.4,7.5,91.3,64.4,81.6,9,2,67.7,Medium,Medium Risk
STU0444,23,Female,82.4,1.1,40.1,71.3,83.5,10,1,50.3,Medium,Medium Risk
STU0445,22,Female,94.9,4.3,58.1,93.8,81.1,6,0,78.1,High,Low Risk
STU0446,23,Male,62.2,5.8,39.3,51.8,41.8,6,2,43.1,Low,High Risk
STU0447,18,Female,96.4,6.1,47.6,41.4,73.6,8,3,62.1,Medium,Medium Risk
STU0448,23,Female,53.0,5.8,48.8,91.7,85.1,4,0,69.0,Medium,Medium Risk
STU0449,19,Female,96.7,1.9,63.1,74.6,69.6,3,3,58.4,Medium,Medium Risk
STU0450,18,Female,67.6,3.1,51.1,93.4,73.8,7,3,51.4,Medium,Medium Risk
STU0451,18,Female,55.1,3.5,41.1,75.8,62.5,5,3,55.8,Medium,Medium Risk
STU0452,18,Male,74.3,6.6,45.0,88.6,66.7,2,0,72.5,Medium,Medium Risk
STU0453,17,Female,62.8,3.0,43.8,65.8,37.1,2,0,47.9,Low,High Risk
STU0454,17,Male,64.2,2.5,93.4,85.0,73.3,6,2,63.7,Medium,High Risk
STU0455,17,Female,65.4,7.7,80.6,94.8,39.9,8,3,61.0,Medium,Medium Risk
STU0456,19,Male,90.2,1.1,93.1,74.3,61.1,1,1,62.4,Medium,Medium Risk
STU0457,22,Female,77.0,8.0,61.4,50.8,52.6,6,2,75.6,High,Low Risk
STU0458,23,Male,65.6,5.7,51.7,56.1,67.7,2,0,59.1,Medium,Medium Risk
STU0459,21,Female,80.5,6.8,82.9,51.9,43.0,2,1,66.7,Medium,Low Risk
STU0460,18,Male,85.8,3.1,54.6,54.8,76.5,7,0,61.4,Medium,Medium Risk
STU0461,23,Female,63.6,1.1,53.0,58.4,82.7,10,1,46.4,Low,High Risk
STU0462,18,Male,70.7,6.2,49.0,73.3,44.8,1,2,59.0,Medium,Medium Risk
STU0463,19,Female,56.1,6.8,42.8,75.3,41.3,6,1,56.3,Medium,Medium Risk
STU0464,18,Male,59.1,6.2,50.4,65.6,43.7,7,2,57.5,Medium,Medium Risk
STU0465,17,Male,84.1,2.0,56.3,76.9,87.6,8,0,70.4,Medium,Low Risk
STU0466,21,Female,59.1,6.3,75.4,44.9,66.7,7,1,67.2,Medium,Medium Risk
STU0467,20,Female,76.3,6.4,38.8,45.3,63.0,6,3,48.6,Low,High Risk
STU0468,18,Male,85.5,5.6,47.6,50.3,41.4,9,3,54.9,Medium,Medium Risk
STU0469,23,Female,55.3,6.4,83.5,71.1,74.0,3,0,75.3,High,Medium Risk
STU0470,17,Male,78.4,6.9,43.8,52.8,87.1,6,1,62.8,Medium,Medium Risk
STU0471,20,Male,62.8,5.3,55.6,57.0,84.7,4,3,55.0,Medium,Medium Risk
STU0472,21,Male,98.1,1.6,86.9,64.0,72.6,2,2,56.7,Medium,Medium Risk
STU0473,20,Female,74.2,4.4,44.3,88.7,39.5,1,1,60.0,Medium,Medium Risk
STU0474,17,Male,90.3,1.5,40.0,40.8,41.7,1,1,49.1,Low,High Risk
STU0475,22,Male,77.5,3.9,64.1,79.0,38.0,10,3,59.5,Medium,Medium Risk
STU0476,22,Female,52.2,3.8,53.1,80.1,50.4,3,2,48.1,Low,High Risk
STU0477,20,Female,81.7,1.5,68.8,87.9,43.1,4,2,56.0,Medium,Medium Risk
STU0478,19,Female,97.6,3.4,83.2,96.0,50.6,2,2,73.0,Medium,Low Risk
STU0479,23,Female,80.1,1.8,43.2,41.2,58.1,1,1,44.2,Low,High Risk
STU0480,23,Male,91.0,6.7,69.8,49.2,91.6,4,0,74.6,Medium,Low Risk
STU0481,20,Male,94.2,7.6,65.3,93.2,71.6,7,1,77.3,High,Low Risk
STU0482,18,Male,61.4,1.5,43.6,67.5,85.1,10,1,50.2,Medium,High Risk
STU0483,18,Male,60.6,7.7,72.4,73.9,77.6,6,3,62.1,Medium,Medium Risk
STU0484,23,Female,80.5,4.7,51.4,79.8,41.8,6,0,59.1,Medium,Medium Risk
STU0485,23,Male,70.6,3.1,64.3,80.7,79.2,9,2,64.6,Medium,Medium Risk
STU0486,22,Male,92.0,1.5,39.9,95.9,51.5,2,3,49.9,Low,High Risk
STU0487,19,Female,95.0,4.5,62.6,99.8,73.3,4,1,75.7,High,Low Risk
STU0488,17,Male,67.7,6.6,53.4,83.2,55.5,5,0,64.9,Medium,Medium Risk
STU0489,18,Male,61.8,5.9,84.3,57.2,94.9,1,2,65.5,Medium,Medium Risk
STU0490,23,Male,89.0,1.4,38.4,92.8,50.8,8,2,52.9,Medium,Medium Risk
STU0491,22,Male,63.7,1.5,60.1,43.0,51.7,8,1,46.1,Low,High Risk
STU0492,21,Male,91.1,3.8,62.5,53.9,90.8,6,2,68.9,Medium,Low Risk
STU0493,22,Male,71.2,3.1,78.5,93.8,36.5,5,2,63.1,Medium,Medium Risk
STU0494,18,Female,83.4,2.6,69.5,55.4,76.8,8,0,61.5,Medium,Medium Risk
STU0495,18,Female,54.8,3.0,75.0,53.2,78.5,3,3,55.2,Medium,Medium Risk
STU0496,22,Male,81.2,6.6,81.6,48.3,85.2,3,0,72.0,Medium,Low Risk
STU0497,17,Male,72.6,7.5,86.7,91.5,93.5,2,3,88.0,High,Medium Risk
STU0498,20,Female,79.3,3.8,53.8,70.0,93.5,5,3,56.4,Medium,Medium Risk
STU0499,18,Male,58.4,7.3,67.3,80.5,38.9,3,3,60.6,Medium,Medium Risk
STU0500,22,Male,86.8,3.3,85.4,54.3,84.3,3,2,60.6,Medium,Medium Risk
STU0501,23,Male,93.1,4.3,94.4,85.5,73.8,6,0,79.7,High,Low Risk
STU0502,22,Female,60.8,2.6,88.4,85.6,73.8,8,2,68.7,Medium,High Risk
STU0503,19,Male,54.8,5.5,57.3,58.8,42.7,2,1,49.2,Low,High Risk
STU0504,20,Female,51.2,7.9,46.7,64.6,74.0,4,0,77.4,High,Medium Risk
STU0505,21,Male,82.1,5.2,64.4,52.6,93.9,7,3,64.0,Medium,Medium Risk
STU0506,17,Female,80.4,3.5,79.5,98.6,89.7,1,2,76.4,High,Low Risk
STU0507,21,Female,77.3,5.5,64.6,78.7,61.3,1,2,66.1,Medium,Low Risk
STU0508,20,Male,61.6,1.9,64.0,96.1,37.4,10,0,57.1,Medium,High Risk
STU0509,20,Female,69.5,7.2,85.3,58.2,56.7,7,0,65.4,Medium,Medium Risk
STU0510,20,Male,79.7,4.5,56.7,86.9,84.6,7,3,61.1,Medium,Medium Risk
STU0511,21,Female,74.8,4.1,86.6,86.0,77.1,1,3,71.6,Medium,Medium Risk
STU0512,23,Male,99.4,5.1,59.4,81.5,62.6,1,1,69.5,Medium,Low Risk
STU0513,20,Male,56.8,5.4,54.7,97.9,38.3,4,3,52.7,Medium,Medium Risk
STU0514,22,Female,84.8,1.5,62.2,63.6,60.6,5,2,45.3,Low,High Risk
STU0515,21,Male,70.2,5.8,80.7,47.8,63.1,5,1,62.3,Medium,Medium Risk
STU0516,20,Male,71.4,2.7,42.6,80.3,90.7,4,1,65.9,Medium,Medium Risk
STU0517,22,Female,85.9,6.0,46.8,83.8,73.5,8,1,63.7,Medium,Medium Risk
STU0518,23,Male,84.6,6.8,92.1,74.5,53.7,7,0,82.1,High,Low Risk
STU0519,19,Male,99.6,6.6,45.5,52.4,66.5,9,3,63.5,Medium,Medium Risk
STU0520,23,Female,56.4,4.9,69.1,70.3,39.0,7,1,54.3,Medium,Medium Risk
STU0521,20,Female,55.2,4.6,69.8,58.7,93.4,10,0,65.3,Medium,Medium Risk
STU0522,21,Male,86.2,2.0,64.4,65.6,56.6,1,0,58.1,Medium,Medium Risk
STU0523,18,Male,78.9,6.4,73.7,78.7,63.7,7,1,70.0,Medium,Low Risk
STU0524,20,Female,63.7,2.9,48.8,84.7,56.3,1,1,58.5,Medium,High Risk
STU0525,18,Female,54.0,4.5,68.2,53.9,76.0,7,2,53.5,Medium,Medium Risk
STU0526,22,Male,54.3,3.0,57.3,64.3,74.7,10,1,63.2,Medium,Medium Risk
STU0527,19,Female,94.7,1.9,74.7,56.1,77.9,8,2,62.9,Medium,Medium Risk
STU0528,17,Male,59.6,5.4,43.5,51.9,51.1,9,1,49.2,Low,High Risk
STU0529,23,Male,66.2,1.4,69.3,87.0,53.9,3,1,59.6,Medium,Medium Risk
STU0530,19,Male,61.3,6.2,46.1,94.6,42.5,4,3,56.9,Medium,Medium Risk
STU0531,20,Male,67.7,3.2,51.7,62.2,74.3,4,1,48.2,Low,High Risk
STU0532,18,Male,53.5,1.0,48.1,85.1,37.4,9,1,37.6,Low,High Risk
STU0533,23,Female,76.0,4.6,46.0,93.8,70.9,7,2,61.4,Medium,Medium Risk
STU0534,18,Female,53.4,1.3,84.5,90.8,87.2,3,2,50.6,Medium,High Risk
STU0535,21,Female,90.0,2.9,52.1,51.0,88.4,10,3,67.0,Medium,Low Risk
STU0536,18,Female,61.7,5.9,90.6,97.4,61.9,5,1,76.4,High,Medium Risk
STU0537,21,Male,77.0,1.4,93.2,62.6,62.6,7,1,60.2,Medium,Medium Risk
STU0538,22,Male,94.0,6.9,69.3,60.4,39.6,8,2,63.9,Medium,Medium Risk
STU0539,23,Male,82.5,1.0,43.6,43.7,75.2,1,0,50.4,Medium,Medium Risk
STU0540,23,Male,76.6,2.7,57.5,69.2,84.3,2,0,54.8,Medium,Medium Risk
STU0541,17,Female,66.2,6.2,82.9,46.5,49.7,7,0,56.9,Medium,Medium Risk
STU0542,20,Male,66.7,3.2,57.0,54.9,60.3,2,2,59.9,Medium,Medium Risk
STU0543,21,Male,83.5,1.7,40.2,59.0,85.3,7,2,60.9,Medium,Medium Risk
STU0544,17,Female,99.7,3.5,68.4,88.5,87.6,9,0,75.3,High,Low Risk
STU0545,18,Female,83.1,2.9,85.7,92.5,49.6,2,0,73.5,Medium,Low Risk
STU0546,18,Female,77.9,6.9,82.8,58.1,68.0,7,1,75.1,High,Low Risk
STU0547,17,Female,86.5,3.2,45.5,91.5,46.5,4,2,58.9,Medium,Medium Risk
STU0548,23,Male,73.3,6.5,75.4,91.4,41.1,2,2,58.5,Medium,Medium Risk
STU0549,18,Male,53.0,7.2,48.2,85.9,89.7,7,0,62.7,Medium,Medium Risk
STU0550,22,Female,78.1,4.0,48.1,48.8,84.2,5,0,69.2,Medium,Low Risk
STU0551,22,Male,97.9,7.4,87.4,81.4,80.6,1,3,69.9,Medium,Low Risk
STU0552,17,Male,58.8,3.6,50.0,96.7,37.9,5,2,49.0,Low,High Risk
STU0553,21,Male,84.5,7.7,50.8,81.0,85.6,3,3,69.0,Medium,Low Risk
STU0554,21,Female,60.0,1.6,35.0,59.9,61.3,7,1,41.9,Low,High Risk
STU0555,17,Male,76.8,5.8,87.2,70.0,55.5,6,3,65.3,Medium,Low Risk
STU0556,21,Female,54.8,4.5,82.6,78.7,67.8,8,0,63.4,Medium,Medium Risk
STU0557,23,Male,72.5,3.7,72.6,70.6,40.5,5,2,56.6,Medium,Medium Risk
STU0558,23,Male,87.8,5.4,80.0,47.2,80.4,2,2,69.3,Medium,Low Risk
STU0559,21,Male,67.4,5.9,44.1,58.7,69.9,9,3,64.7,Medium,Medium Risk
STU0560,22,Female,83.2,1.0,62.5,88.1,46.2,8,3,42.3,Low,High Risk
STU0561,21,Male,89.8,2.2,56.1,91.7,46.3,6,1,59.3,Medium,Medium Risk
STU0562,23,Female,96.4,6.0,40.6,48.2,46.1,10,1,62.8,Medium,Medium Risk
STU0563,19,Female,61.7,5.7,64.2,97.1,38.4,7,0,63.5,Medium,Medium Risk
STU0564,20,Female,70.0,7.8,90.2,59.7,70.3,9,0,71.4,Medium,Medium Risk
STU0565,18,Male,57.6,6.3,37.4,79.7,85.4,7,0,73.0,Medium,Medium Risk
STU0566,19,Male,99.6,7.7,52.5,85.1,36.0,3,3,67.3,Medium,Low Risk
STU0567,21,Male,96.4,5.9,47.5,88.7,37.9,6,3,53.9,Medium,Medium Risk
STU0568,22,Male,77.0,3.1,49.3,96.7,69.4,7,2,61.4,Medium,Medium Risk
STU0569,17,Female,92.1,1.7,89.5,58.8,84.2,2,0,79.3,High,Low Risk
STU0570,21,Female,76.0,6.5,63.1,91.5,54.6,3,3,63.3,Medium,Medium Risk
STU0571,22,Female,81.2,5.5,63.0,47.9,56.0,4,2,59.0,Medium,Medium Risk
STU0572,20,Male,54.5,1.3,80.6,82.3,70.8,10,0,67.3,Medium,High Risk
STU0573,21,Female,87.8,3.5,44.3,84.5,51.5,6,1,54.7,Medium,Medium Risk
STU0574,23,Male,56.4,7.7,64.2,80.7,36.6,1,1,71.3,Medium,Medium Risk
STU0575,17,Female,91.3,4.5,60.8,55.1,79.1,9,3,66.2,Medium,Low Risk
STU0576,22,Male,89.1,4.0,70.8,92.4,72.5,5,2,64.2,Medium,Medium Risk
STU0577,22,Male,85.4,4.2,95.0,50.1,69.8,7,1,66.0,Medium,Low Risk
STU0578,22,Female,51.8,2.5,81.2,43.2,79.5,9,2,49.2,Low,High Risk
STU0579,20,Female,65.2,3.6,58.9,83.0,75.5,9,2,49.5,Low,High Risk
STU0580,21,Female,63.2,3.6,84.7,68.5,47.4,1,1,59.8,Medium,Medium Risk
STU0581,20,Female,68.0,1.4,45.2,90.9,56.1,1,2,44.0,Low,High Risk
STU0582,18,Male,54.4,6.4,36.8,63.0,42.6,3,1,53.4,Medium,Medium Risk
STU0583,18,Female,96.8,3.9,47.3,50.1,42.8,6,3,44.0,Low,High Risk
STU0584,21,Female,77.7,6.8,55.4,90.2,75.6,2,0,80.8,High,Low Risk
STU0585,23,Female,65.3,7.0,65.6,72.9,86.5,10,0,78.9,High,Medium Risk
STU0586,20,Male,69.8,2.5,71.9,51.4,92.8,1,3,51.8,Medium,Medium Risk
STU0587,17,Male,72.4,5.6,89.6,83.2,72.7,1,1,75.8,High,Medium Risk
STU0588,22,Female,80.0,4.3,65.6,70.7,46.0,5,1,61.1,Medium,Medium Risk
STU0589,22,Male,75.8,7.2,65.1,76.3,41.3,4,1,74.1,Medium,Low Risk
STU0590,21,Female,96.0,2.5,38.0,67.7,83.8,1,1,56.6,Medium,Medium Risk
STU0591,23,Male,74.8,5.7,37.1,89.7,69.7,4,3,58.0,Medium,Medium Risk
STU0592,18,Male,99.6,5.3,68.1,89.8,72.1,3,0,76.5,High,Low Risk
STU0593,18,Male,92.6,3.1,61.3,82.6,81.9,2,2,66.2,Medium,Low Risk
STU0594,22,Male,60.4,2.0,85.4,46.3,77.2,9,2,56.2,Medium,High Risk
STU0595,21,Female,96.5,5.6,44.6,90.3,85.1,1,0,74.4,Medium,Low Risk
STU0596,20,Female,55.8,6.2,36.5,80.3,38.4,7,3,45.7,Low,High Risk
STU0597,18,Female,90.9,3.2,61.9,81.8,79.9,4,2,70.2,Medium,Low Risk
STU0598,20,Male,69.0,5.5,49.2,61.8,86.1,5,0,74.1,Medium,Medium Risk
STU0599,23,Female,93.9,3.8,38.0,92.8,52.2,10,3,58.4,Medium,Medium Risk
STU0600,18,Female,93.4,6.0,78.5,83.5,73.4,5,2,74.6,Medium,Low Risk
STU0601,18,Female,90.3,2.4,41.7,46.8,53.8,1,1,50.5,Medium,Medium Risk
STU0602,19,Male,89.5,7.2,71.5,64.5,92.5,6,1,82.6,High,Low Risk
STU0603,18,Male,65.2,3.0,51.9,93.2,37.0,9,3,47.7,Low,High Risk
STU0604,17,Male,54.0,3.6,45.4,42.8,69.8,2,1,40.7,Low,High Risk
STU0605,21,Female,70.1,1.4,57.8,97.7,45.0,7,3,50.1,Medium,Medium Risk
STU0606,21,Female,58.7,1.8,83.1,80.7,77.7,6,0,59.1,Medium,High Risk
STU0607,20,Female,84.7,4.6,58.5,77.9,45.6,5,0,58.1,Medium,Medium Risk
STU0608,23,Male,67.3,2.9,80.0,56.2,49.1,4,2,44.0,Low,High Risk
STU0609,18,Male,98.8,6.8,42.5,54.9,64.7,4,3,61.3,Medium,Medium Risk
STU0610,17,Female,82.0,1.1,81.4,96.5,89.9,6,2,60.9,Medium,Medium Risk
STU0611,20,Male,91.1,3.7,49.2,57.9,47.7,4,2,42.5,Low,High Risk
STU0612,19,Male,56.6,3.4,75.6,86.5,43.7,5,0,57.7,Medium,Medium Risk
STU0613,20,Male,93.1,1.1,68.9,63.6,80.5,6,2,57.0,Medium,Medium Risk
STU0614,20,Male,96.1,1.9,90.7,48.4,65.0,5,1,63.4,Medium,Medium Risk
STU0615,18,Female,74.4,3.9,58.2,40.6,89.7,7,2,54.9,Medium,Medium Risk
STU0616,19,Male,80.3,4.5,39.0,72.7,43.8,9,3,58.9,Medium,Medium Risk
STU0617,20,Male,88.2,3.8,36.1,98.5,73.8,10,1,67.9,Medium,Low Risk
STU0618,17,Male,58.7,4.7,84.6,62.1,49.0,7,0,60.0,Medium,Medium Risk
STU0619,17,Male,75.1,5.2,66.5,61.4,44.4,7,3,53.8,Medium,Medium Risk
STU0620,21,Female,69.9,1.1,81.5,60.6,76.0,4,1,64.9,Medium,Medium Risk
STU0621,19,Female,57.3,4.2,49.1,71.2,70.6,1,3,55.2,Medium,Medium Risk
STU0622,19,Male,68.4,7.7,55.7,66.4,80.3,8,1,63.5,Medium,Medium Risk
STU0623,21,Male,53.4,4.6,36.8,92.8,53.6,4,3,43.0,Low,High Risk
STU0624,20,Male,51.3,5.7,92.7,70.3,61.9,1,3,55.6,Medium,Medium Risk
STU0625,19,Male,56.8,3.2,75.1,70.5,59.3,5,1,54.5,Medium,Medium Risk
STU0626,17,Male,98.2,6.4,91.0,48.3,94.0,8,0,81.8,High,Low Risk
STU0627,17,Male,77.5,6.4,50.9,99.0,52.5,4,0,71.1,Medium,Low Risk
STU0628,18,Female,98.3,4.6,71.7,55.0,52.7,8,3,63.9,Medium,Medium Risk
STU0629,19,Male,71.6,7.8,75.7,44.4,56.3,8,3,66.0,Medium,Medium Risk
STU0630,20,Female,65.6,1.9,54.1,79.8,68.9,3,0,56.1,Medium,Medium Risk
STU0631,21,Female,75.3,1.1,85.9,75.7,50.1,9,0,52.0,Medium,Medium Risk
STU0632,21,Male,72.0,6.4,91.8,64.9,89.9,3,2,68.9,Medium,Medium Risk
STU0633,20,Female,55.3,6.7,88.1,65.3,50.9,1,0,65.6,Medium,Medium Risk
STU0634,23,Female,82.0,1.8,79.3,87.1,88.7,2,3,56.4,Medium,Medium Risk
STU0635,22,Female,60.8,2.9,51.6,51.7,41.2,6,1,51.5,Medium,High Risk
STU0636,18,Female,81.0,1.1,51.9,89.2,74.4,10,0,55.7,Medium,Medium Risk
STU0637,21,Female,82.5,3.1,92.8,78.9,89.4,2,2,73.7,Medium,Low Risk
STU0638,19,Female,57.6,6.4,35.6,65.1,45.1,6,2,41.9,Low,High Risk
STU0639,18,Male,53.1,4.6,78.0,67.5,93.1,1,2,66.4,Medium,Medium Risk
STU0640,19,Female,89.0,3.4,77.4,55.4,62.2,1,1,63.3,Medium,Medium Risk
STU0641,23,Female,73.0,3.6,72.4,85.1,91.7,5,0,80.4,High,Medium Risk
STU0642,17,Female,52.9,1.0,94.4,70.8,75.6,10,0,54.7,Medium,High Risk
STU0643,18,Male,99.7,3.1,53.7,59.3,53.1,9,0,60.1,Medium,Medium Risk
STU0644,21,Female,52.9,5.5,55.4,75.8,46.3,8,1,53.8,Medium,Medium Risk
STU0645,18,Male,84.8,7.8,39.7,99.7,53.2,3,1,70.5,Medium,Low Risk
STU0646,18,Female,99.2,6.9,61.6,66.1,40.6,3,3,61.7,Medium,Medium Risk
STU0647,18,Male,62.0,1.2,50.7,95.2,43.6,1,2,44.0,Low,High Risk
STU0648,22,Male,57.1,7.3,55.6,60.7,41.3,3,2,53.3,Medium,Medium Risk
STU0649,18,Female,56.1,6.5,85.1,43.3,60.4,1,0,55.5,Medium,Medium Risk
STU0650,19,Female,65.2,6.5,91.1,52.3,82.7,8,1,77.1,High,Medium Risk
STU0651,17,Male,55.1,4.2,46.1,65.1,43.5,1,1,63.3,Medium,Medium Risk
STU0652,23,Female,84.6,3.8,57.4,53.2,42.8,5,0,60.2,Medium,Medium Risk
STU0653,20,Male,53.1,3.1,90.7,40.0,73.6,9,0,54.2,Medium,Medium Risk
STU0654,18,Male,75.5,1.5,38.7,94.9,46.8,7,3,39.8,Low,High Risk
STU0655,21,Male,99.8,2.6,40.5,90.6,40.9,4,2,58.4,Medium,Medium Risk
STU0656,18,Male,90.7,2.7,44.8,84.5,45.0,9,2,56.0,Medium,Medium Risk
STU0657,21,Male,80.8,4.4,70.7,50.1,90.4,9,2,63.5,Medium,Medium Risk
STU0658,19,Female,65.3,6.2,44.0,47.2,84.3,2,3,59.3,Medium,Medium Risk
STU0659,21,Male,81.2,4.3,93.1,44.1,56.2,10,0,57.2,Medium,Medium Risk
STU0660,20,Male,76.4,1.4,61.8,83.4,74.3,10,0,66.1,Medium,Low Risk
STU0661,17,Female,71.3,7.7,65.1,95.7,67.2,6,2,73.1,Medium,Medium Risk
STU0662,21,Male,56.5,7.6,49.8,65.8,75.6,4,2,57.1,Medium,Medium Risk
STU0663,21,Female,94.3,6.5,63.3,47.1,76.0,8,3,58.6,Medium,Medium Risk
STU0664,17,Female,72.5,7.9,74.7,70.7,72.7,7,1,75.6,High,Medium Risk
STU0665,20,Female,59.7,4.8,80.1,60.9,51.0,7,1,66.3,Medium,Medium Risk
STU0666,18,Male,68.4,7.7,80.2,62.5,37.3,10,2,62.1,Medium,Medium Risk
STU0667,21,Male,70.7,1.5,69.7,77.3,62.3,9,3,46.2,Low,High Risk
STU0668,17,Male,91.4,3.6,89.3,83.1,88.5,5,2,74.8,Medium,Low Risk
STU0669,19,Female,86.7,2.6,84.0,46.6,69.2,6,1,71.9,Medium,Low Risk
STU0670,17,Male,88.5,2.4,80.4,42.1,84.9,1,2,63.7,Medium,Medium Risk
STU0671,19,Female,50.6,2.0,38.3,99.7,94.5,6,1,58.9,Medium,High Risk
STU0672,20,Male,70.8,5.4,35.4,54.0,44.8,2,1,58.5,Medium,Medium Risk
STU0673,18,Female,74.1,6.5,47.7,43.2,76.5,6,1,65.5,Medium,Medium Risk
STU0674,17,Male,51.0,5.0,74.8,51.4,75.5,9,0,59.1,Medium,Medium Risk
STU0675,23,Male,63.0,2.0,59.7,42.3,93.8,8,0,49.1,Low,High Risk
STU0676,23,Male,88.0,6.7,59.1,63.5,94.1,9,2,68.3,Medium,Low Risk
STU0677,22,Female,56.9,5.5,88.1,88.1,76.2,10,1,65.5,Medium,Medium Risk
STU0678,21,Female,76.8,3.7,88.7,60.5,49.6,8,0,68.5,Medium,Low Risk
STU0679,20,Male,60.8,5.7,89.6,66.7,82.9,3,2,71.9,Medium,Medium Risk
STU0680,17,Male,50.6,2.8,53.8,80.5,41.4,8,2,45.6,Low,High Risk
STU0681,23,Female,62.1,3.4,76.5,70.5,81.8,6,2,53.9,Medium,Medium Risk
STU0682,21,Female,98.8,7.4,51.3,91.7,89.6,6,2,88.1,High,Low Risk
STU0683,23,Female,90.1,3.0,46.4,92.0,58.0,6,2,56.6,Medium,Medium Risk
STU0684,17,Male,98.0,4.3,46.1,40.6,72.8,3,3,59.1,Medium,Medium Risk
STU0685,19,Female,74.4,7.2,55.5,86.7,60.8,10,1,70.1,Medium,Medium Risk
STU0686,17,Male,55.5,6.0,60.8,67.6,61.3,1,2,58.5,Medium,Medium Risk
STU0687,22,Female,77.4,1.4,84.9,99.3,53.6,4,3,59.3,Medium,Medium Risk
STU0688,17,Male,72.7,2.0,42.2,69.0,80.7,10,1,51.6,Medium,Medium Risk
STU0689,17,Female,92.2,1.1,79.1,99.2,91.2,6,0,81.3,High,Low Risk
STU0690,22,Female,54.9,5.4,66.9,85.3,91.4,10,2,57.8,Medium,Medium Risk
STU0691,20,Female,74.4,4.1,52.3,54.9,45.5,2,3,42.5,Low,High Risk
STU0692,17,Female,57.5,1.9,64.6,72.3,87.5,7,0,66.9,Medium,High Risk
STU0693,22,Female,66.2,7.7,53.0,99.5,79.2,7,3,71.1,Medium,Medium Risk
STU0694,21,Male,86.9,4.7,70.8,91.5,50.2,4,1,81.1,High,Low Risk
STU0695,19,Female,73.8,2.7,61.0,45.8,39.0,4,1,49.4,Low,High Risk
STU0696,19,Female,68.8,4.5,44.9,82.4,51.1,1,0,68.5,Medium,Medium Risk
STU0697,17,Female,69.7,5.8,42.0,60.7,89.7,2,3,49.1,Low,High Risk
STU0698,20,Male,73.0,1.5,67.8,40.4,73.0,9,2,43.2,Low,High Risk
STU0699,20,Female,89.3,2.9,89.1,64.2,78.3,10,2,71.2,Medium,Low Risk
STU0700,21,Male,94.6,6.6,55.6,54.1,50.4,8,0,60.8,Medium,Medium Risk
STU0701,17,Female,97.8,4.2,79.0,89.1,78.2,8,0,78.8,High,Low Risk
STU0702,19,Female,89.3,4.8,74.5,60.2,36.7,9,0,71.4,Medium,Low Risk
STU0703,20,Male,65.8,4.0,90.9,89.7,57.5,7,3,63.1,Medium,Medium Risk
STU0704,17,Female,84.4,1.3,84.3,40.0,72.6,9,2,55.8,Medium,Medium Risk
STU0705,23,Male,71.9,2.2,69.0,58.5,43.8,10,2,46.6,Low,High Risk
STU0706,20,Male,62.7,4.1,74.4,54.5,84.4,2,2,60.9,Medium,Medium Risk
STU0707,22,Female,92.0,2.5,88.9,54.0,49.1,6,0,67.8,Medium,Low Risk
STU0708,23,Male,51.9,1.3,59.0,44.1,74.1,3,2,40.2,Low,High Risk
STU0709,20,Female,95.1,6.9,54.6,51.2,59.3,6,1,70.3,Medium,Low Risk
STU0710,19,Female,73.1,7.9,35.6,73.3,70.8,3,0,75.7,High,Medium Risk
STU0711,18,Male,81.9,6.6,84.6,57.5,41.4,8,2,63.7,Medium,Medium Risk
STU0712,23,Male,83.0,7.0,83.1,65.0,36.0,4,3,63.2,Medium,Medium Risk
STU0713,21,Male,94.8,2.7,41.3,62.6,89.6,10,0,68.4,Medium,Low Risk
STU0714,21,Male,81.8,7.7,69.6,92.6,51.2,6,1,77.5,High,Low Risk
STU0715,19,Female,80.7,2.4,62.8,94.3,84.2,9,1,71.1,Medium,Low Risk
STU0716,20,Female,53.3,7.7,42.1,69.6,95.0,2,3,56.4,Medium,Medium Risk
STU0717,17,Male,75.9,8.0,93.8,59.8,47.7,2,3,64.6,Medium,Medium Risk
STU0718,20,Female,57.5,6.0,47.9,46.4,50.9,7,0,53.6,Medium,Medium Risk
STU0719,19,Female,86.9,7.9,39.0,97.2,74.8,2,0,74.3,Medium,Low Risk
STU0720,21,Female,75.6,5.0,70.7,43.6,92.9,2,1,58.7,Medium,Medium Risk
STU0721,20,Female,84.0,2.8,79.3,57.9,89.9,4,3,45.3,Low,High Risk
STU0722,21,Male,52.1,4.1,36.9,57.9,65.2,9,0,58.4,Medium,Medium Risk
STU0723,23,Male,54.2,5.2,74.5,59.2,82.7,8,1,56.1,Medium,Medium Risk
STU0724,17,Female,85.8,1.5,66.9,49.9,43.1,2,3,53.5,Medium,Medium Risk
STU0725,23,Male,53.6,5.4,41.2,87.0,93.6,8,1,67.6,Medium,Medium Risk
STU0726,21,Male,53.6,7.9,45.4,47.3,92.9,4,2,59.9,Medium,Medium Risk
STU0727,21,Male,50.6,2.3,69.1,78.1,44.8,2,3,47.0,Low,High Risk
STU0728,18,Female,97.8,6.5,52.8,47.4,53.0,10,0,71.1,Medium,Low Risk
STU0729,18,Female,86.9,7.4,91.3,44.2,41.0,7,0,67.8,Medium,Low Risk
STU0730,23,Female,67.7,7.6,84.1,94.6,51.3,6,2,71.1,Medium,Medium Risk
STU0731,22,Male,64.8,7.7,94.0,51.4,84.0,10,3,64.9,Medium,Medium Risk
STU0732,23,Female,67.5,4.7,50.6,89.3,57.7,5,1,64.0,Medium,Medium Risk
STU0733,18,Female,88.7,7.8,93.2,72.7,40.3,1,0,75.7,High,Low Risk
STU0734,21,Male,83.1,6.3,60.9,44.7,55.5,2,2,60.0,Medium,Medium Risk
STU0735,19,Female,59.3,2.1,55.9,97.3,93.9,8,2,57.9,Medium,High Risk
STU0736,23,Female,58.7,4.3,38.0,54.8,72.8,1,3,47.4,Low,High Risk
STU0737,21,Male,54.9,6.0,38.2,91.6,60.0,3,3,61.4,Medium,Medium Risk
STU0738,19,Male,83.0,2.7,76.5,50.1,45.0,2,0,58.1,Medium,Medium Risk
STU0739,19,Male,88.2,5.5,62.5,91.2,94.2,5,2,80.9,High,Low Risk
STU0740,18,Female,63.3,5.7,48.6,40.8,84.3,4,1,62.2,Medium,Medium Risk
STU0741,23,Female,51.0,2.1,71.8,70.7,51.9,7,2,54.4,Medium,High Risk
STU0742,20,Female,54.1,5.0,50.2,86.2,39.2,5,1,52.1,Medium,Medium Risk
STU0743,17,Male,98.4,6.4,69.7,96.1,38.4,8,1,77.1,High,Low Risk
STU0744,18,Male,64.8,4.5,56.6,94.6,42.2,4,0,61.1,Medium,Medium Risk
STU0745,18,Female,88.5,1.1,84.4,89.2,69.8,6,2,48.1,Low,High Risk
STU0746,20,Female,81.2,1.1,84.2,93.3,90.7,4,1,63.6,Medium,Medium Risk
STU0747,17,Male,69.1,3.5,63.6,52.0,64.8,2,3,53.4,Medium,Medium Risk
STU0748,21,Male,60.3,7.5,56.0,57.1,85.6,1,1,70.3,Medium,Medium Risk
STU0749,22,Male,56.1,2.6,56.8,57.3,61.8,1,3,37.4,Low,High Risk
STU0750,23,Male,80.8,5.4,83.3,62.6,77.5,8,3,67.4,Medium,Low Risk
STU0751,22,Female,88.7,2.6,54.7,63.6,78.9,4,2,61.5,Medium,Medium Risk
STU0752,21,Male,82.2,3.3,47.5,72.7,45.4,5,3,49.1,Low,High Risk
STU0753,18,Female,76.5,6.9,40.1,49.6,56.7,8,1,63.8,Medium,Medium Risk
STU0754,17,Female,52.1,6.1,63.0,81.5,73.2,7,3,61.7,Medium,Medium Risk
STU0755,18,Female,98.4,1.7,63.9,50.1,39.2,8,2,50.8,Medium,Medium Risk
STU0756,19,Male,89.9,4.0,85.5,58.6,56.7,8,0,67.2,Medium,Low Risk
STU0757,18,Male,64.6,1.2,48.3,70.2,67.1,6,1,55.0,Medium,High Risk
STU0758,18,Male,99.0,4.4,57.9,87.8,94.8,10,1,78.8,High,Low Risk
STU0759,21,Male,80.1,5.6,83.5,84.4,63.5,2,2,63.2,Medium,Medium Risk
STU0760,21,Female,79.1,1.8,84.4,78.7,84.0,6,2,64.9,Medium,Medium Risk
STU0761,21,Male,87.4,3.0,58.1,49.3,60.9,1,2,48.8,Low,High Risk
STU0762,22,Male,90.6,3.8,62.5,72.8,82.8,1,2,61.3,Medium,Medium Risk
STU0763,19,Female,82.8,7.4,53.2,45.2,70.7,3,1,64.5,Medium,Medium Risk
STU0764,21,Male,56.4,8.0,91.0,62.6,88.2,3,0,79.6,High,Medium Risk
STU0765,17,Female,66.9,1.3,42.1,64.8,59.7,5,3,42.9,Low,High Risk
STU0766,22,Female,96.4,6.3,91.0,42.4,71.3,1,3,67.6,Medium,Low Risk
STU0767,20,Female,61.2,3.6,76.0,56.4,72.8,10,0,60.7,Medium,Medium Risk
STU0768,17,Female,68.6,3.7,66.9,97.3,60.0,6,0,63.9,Medium,Medium Risk
STU0769,23,Female,71.6,6.3,37.0,97.2,43.7,7,0,69.6,Medium,Medium Risk
STU0770,23,Female,72.0,7.4,63.5,61.1,40.6,10,2,46.2,Low,High Risk
STU0771,17,Female,80.6,7.7,59.5,42.6,36.0,3,1,60.3,Medium,Medium Risk
STU0772,21,Female,97.2,5.0,44.7,50.7,87.4,4,1,75.5,High,Low Risk
STU0773,20,Male,62.0,3.5,74.4,63.5,49.2,10,1,58.1,Medium,Medium Risk
STU0774,20,Male,56.1,6.5,93.3,96.9,47.7,10,2,73.3,Medium,Medium Risk
STU0775,22,Male,59.9,2.8,68.7,48.5,79.2,10,1,45.7,Low,High Risk
STU0776,20,Male,94.3,4.9,77.9,85.8,54.2,10,2,62.9,Medium,Medium Risk
STU0777,23,Female,82.3,3.5,39.1,46.5,65.4,10,1,56.8,Medium,Medium Risk
STU0778,19,Male,64.3,5.6,60.1,98.9,44.8,3,0,73.6,Medium,Medium Risk
STU0779,21,Female,90.8,2.7,42.0,62.9,92.6,1,3,51.1,Medium,Medium Risk
STU0780,20,Male,93.1,2.3,71.8,86.5,86.1,8,3,62.6,Medium,Medium Risk
STU0781,22,Male,92.3,7.4,91.3,60.6,86.8,10,2,82.3,High,Low Risk
STU0782,23,Male,95.9,1.7,74.7,77.7,59.4,10,1,56.4,Medium,Medium Risk
STU0783,19,Female,62.6,4.5,39.6,51.5,80.7,2,3,52.3,Medium,Medium Risk
STU0784,18,Male,87.8,2.5,56.3,48.8,43.6,1,0,42.1,Low,High Risk
STU0785,18,Female,73.0,1.3,68.0,96.3,35.5,8,0,59.1,Medium,Medium Risk
STU0786,19,Female,92.1,1.3,59.2,95.1,36.2,7,0,54.6,Medium,Medium Risk
STU0787,23,Male,86.4,2.2,85.0,93.2,70.2,7,2,63.9,Medium,Medium Risk
STU0788,22,Male,88.8,7.1,83.9,77.5,62.3,4,2,78.1,High,Low Risk
STU0789,19,Male,82.8,3.0,71.7,88.5,66.1,9,1,68.3,Medium,Low Risk
STU0790,21,Female,58.9,7.7,57.4,44.1,35.4,6,0,59.1,Medium,Medium Risk
STU0791,21,Male,77.3,5.1,50.3,60.1,60.4,2,1,65.1,Medium,Low Risk
STU0792,18,Female,99.2,4.1,41.4,58.8,78.1,1,1,56.3,Medium,Medium Risk
STU0793,20,Female,96.9,5.1,56.3,78.1,61.6,1,0,73.3,Medium,Low Risk
STU0794,22,Male,52.2,4.6,59.8,61.4,78.9,9,1,54.5,Medium,Medium Risk
STU0795,18,Male,58.2,6.3,75.5,48.9,49.0,4,3,58.1,Medium,Medium Risk
STU0796,20,Female,56.6,3.0,74.5,75.8,83.8,5,2,62.1,Medium,Medium Risk
STU0797,20,Female,86.3,3.5,39.2,88.9,70.3,3,1,66.2,Medium,Low Risk
STU0798,21,Female,90.9,7.3,58.7,62.9,47.6,4,0,79.9,High,Low Risk
STU0799,23,Male,60.7,7.6,45.9,47.9,49.2,8,2,60.0,Medium,Medium Risk
STU0800,17,Female,75.3,7.2,44.4,51.8,72.7,4,2,61.2,Medium,Medium Risk
STU0801,23,Male,92.0,3.9,84.6,54.2,84.8,9,1,71.8,Medium,Low Risk
STU0802,17,Female,86.6,6.5,37.5,58.0,59.9,9,3,60.1,Medium,Medium Risk
STU0803,19,Female,77.1,4.3,60.2,78.6,50.5,6,1,61.6,Medium,Medium Risk
STU0804,21,Male,79.5,4.5,45.1,76.1,87.0,2,3,63.5,Medium,Medium Risk
STU0805,20,Female,75.4,2.4,87.8,81.8,75.2,10,2,52.6,Medium,Medium Risk
STU0806,22,Male,64.9,5.1,68.4,61.8,61.9,7,1,70.7,Medium,Medium Risk
STU0807,17,Male,78.3,2.3,48.9,89.4,64.3,9,0,61.7,Medium,Medium Risk
STU0808,23,Female,84.4,3.3,65.1,52.2,47.3,6,1,48.5,Low,High Risk
STU0809,20,Male,93.7,7.0,78.9,68.1,72.6,3,3,67.9,Medium,Low Risk
STU0810,17,Male,81.8,2.4,92.5,88.1,56.5,7,3,49.8,Low,High Risk
STU0811,17,Female,88.1,1.5,48.2,50.8,94.7,5,1,53.5,Medium,Medium Risk
STU0812,17,Male,58.0,1.5,88.2,46.6,63.8,1,3,45.9,Low,High Risk
STU0813,22,Male,73.1,7.6,91.1,93.0,64.2,3,2,83.9,High,Medium Risk
STU0814,21,Male,50.5,4.5,90.0,60.6,69.0,5,1,63.8,Medium,Medium Risk
STU0815,22,Female,62.3,3.9,73.1,81.0,90.0,7,3,62.3,Medium,Medium Risk
STU0816,18,Male,86.3,6.7,72.8,41.5,83.0,3,1,67.0,Medium,Low Risk
STU0817,20,Female,99.6,6.9,59.2,81.4,62.1,6,1,71.5,Medium,Low Risk
STU0818,21,Female,55.0,3.3,80.1,59.0,78.1,5,0,58.8,Medium,Medium Risk
STU0819,21,Male,70.1,5.9,66.9,43.3,70.2,1,1,59.7,Medium,Medium Risk
STU0820,21,Male,90.0,6.4,75.6,76.6,64.5,10,0,76.3,High,Low Risk
STU0821,23,Male,60.2,5.6,60.7,54.4,46.5,6,3,48.3,Low,High Risk
STU0822,21,Female,77.8,2.1,78.9,63.2,62.8,8,0,60.8,Medium,Medium Risk
STU0823,22,Male,86.7,7.1,84.5,44.8,49.7,1,0,69.6,Medium,Low Risk
STU0824,21,Male,80.8,4.8,43.8,48.8,89.9,2,0,66.9,Medium,Low Risk
STU0825,19,Male,59.4,3.0,85.0,57.9,55.1,4,2,51.5,Medium,Medium Risk
STU0826,20,Male,67.8,4.0,67.4,45.4,92.1,2,0,57.7,Medium,Medium Risk
STU0827,21,Male,89.2,1.3,85.7,94.6,67.0,9,1,67.5,Medium,Low Risk
STU0828,20,Female,77.7,1.9,60.9,40.4,72.9,10,0,56.4,Medium,Medium Risk
STU0829,19,Female,50.3,6.4,57.7,69.0,67.6,8,1,53.1,Medium,Medium Risk
STU0830,19,Male,88.0,1.0,89.9,47.4,42.8,8,0,55.2,Medium,Medium Risk
STU0831,20,Male,51.8,3.9,50.1,58.5,57.5,4,2,50.0,Medium,Medium Risk
STU0832,17,Male,87.3,4.7,85.7,95.6,40.9,5,3,58.6,Medium,Medium Risk
STU0833,18,Male,60.1,1.4,64.0,49.7,72.4,4,0,47.0,Low,High Risk
STU0834,23,Female,97.9,7.8,65.8,97.9,61.8,9,0,82.6,High,Low Risk
STU0835,17,Male,68.4,2.6,53.5,52.3,81.7,2,2,55.6,Medium,Medium Risk
STU0836,17,Female,66.3,3.1,69.4,84.5,48.2,8,0,69.6,Medium,Medium Risk
STU0837,22,Female,57.4,3.1,54.5,72.8,44.9,2,1,53.2,Medium,Medium Risk
STU0838,23,Male,65.3,2.6,37.4,93.1,59.4,1,0,61.6,Medium,Medium Risk
STU0839,23,Female,93.8,1.0,51.3,73.2,90.6,10,0,67.0,Medium,Low Risk
STU0840,17,Female,99.8,6.1,35.4,72.1,77.6,3,3,61.2,Medium,Medium Risk
STU0841,21,Female,68.4,7.8,93.7,51.7,60.1,9,3,69.4,Medium,Medium Risk
STU0842,22,Female,72.4,2.6,92.9,50.0,66.0,3,0,63.5,Medium,Medium Risk
STU0843,22,Male,86.1,5.6,58.7,95.0,40.1,9,2,65.4,Medium,Low Risk
STU0844,19,Male,94.3,6.2,78.7,59.7,94.1,7,3,68.9,Medium,Low Risk
STU0845,23,Female,79.7,6.9,55.7,62.3,75.0,10,0,75.0,High,Low Risk
STU0846,17,Male,69.6,4.0,75.3,85.6,52.1,1,3,56.1,Medium,Medium Risk
STU0847,19,Male,70.6,3.1,83.3,60.3,70.1,10,0,66.3,Medium,Medium Risk
STU0848,20,Male,84.8,3.3,91.8,97.1,41.6,5,3,61.3,Medium,Medium Risk
STU0849,18,Male,50.2,6.0,59.0,84.3,93.0,9,3,60.2,Medium,Medium Risk
STU0850,22,Male,81.0,6.7,82.0,75.8,45.5,3,1,73.3,Medium,Low Risk
STU0851,20,Female,67.8,2.3,51.0,92.9,73.9,9,0,59.6,Medium,Medium Risk
STU0852,20,Male,89.7,3.6,94.4,43.0,49.7,5,0,58.8,Medium,Medium Risk
STU0853,21,Male,54.6,7.3,36.5,55.4,78.1,9,0,53.8,Medium,Medium Risk
STU0854,18,Male,79.4,6.6,71.2,67.9,81.6,10,0,78.0,High,Low Risk
STU0855,20,Male,74.0,7.9,74.6,53.6,75.4,6,3,65.1,Medium,Medium Risk
STU0856,20,Female,82.1,6.3,76.3,84.6,71.9,9,1,67.0,Medium,Low Risk
STU0857,18,Female,53.2,3.8,42.2,95.2,88.5,7,1,60.8,Medium,Medium Risk
STU0858,18,Female,79.0,5.1,91.3,65.4,39.7,7,2,62.0,Medium,Medium Risk
STU0859,20,Female,78.1,5.6,45.9,60.5,54.9,8,0,60.3,Medium,Medium Risk
STU0860,18,Male,78.0,1.5,72.4,97.7,49.9,7,2,57.6,Medium,Medium Risk
STU0861,20,Female,80.2,4.8,48.4,66.7,94.3,9,3,68.2,Medium,Low Risk
STU0862,20,Male,83.8,6.0,53.4,69.3,58.4,9,2,69.1,Medium,Low Risk
STU0863,21,Male,90.2,2.2,67.8,61.1,79.0,6,0,67.3,Medium,Low Risk
STU0864,17,Male,63.5,6.5,60.0,94.6,76.1,7,1,70.1,Medium,Medium Risk
STU0865,20,Male,91.3,5.1,44.6,74.1,47.7,2,1,62.9,Medium,Medium Risk
STU0866,19,Male,74.9,7.7,45.3,85.7,49.3,9,0,71.3,Medium,Medium Risk
STU0867,22,Female,53.9,1.3,60.1,88.7,51.9,1,3,42.1,Low,High Risk
STU0868,23,Female,52.9,2.9,80.4,60.5,59.7,1,0,58.4,Medium,High Risk
STU0869,17,Female,66.7,5.2,88.9,66.0,49.1,3,3,50.3,Medium,Medium Risk
STU0870,17,Female,89.2,3.1,40.0,90.9,36.2,6,1,56.3,Medium,Medium Risk
STU0871,17,Male,85.4,6.0,58.6,61.8,87.8,5,3,68.3,Medium,Low Risk
STU0872,21,Female,89.4,6.3,41.0,87.6,92.9,2,0,75.6,High,Low Risk
STU0873,20,Male,75.9,1.7,36.0,96.5,55.5,9,0,55.5,Medium,Medium Risk
STU0874,21,Female,72.0,4.6,74.7,77.4,55.3,10,0,61.6,Medium,Medium Risk
STU0875,20,Male,57.4,4.6,71.1,84.5,35.4,4,3,44.6,Low,High Risk
STU0876,21,Male,66.4,3.6,44.8,88.3,75.8,4,3,55.0,Medium,Medium Risk
STU0877,21,Female,71.7,7.5,49.0,90.7,84.5,5,3,64.3,Medium,Medium Risk
STU0878,22,Male,54.4,6.8,36.4,63.7,43.8,8,1,44.3,Low,High Risk
STU0879,19,Male,61.0,5.9,85.1,43.1,44.6,10,2,50.8,Medium,Medium Risk
STU0880,21,Female,79.9,6.0,93.5,64.1,82.4,4,2,68.9,Medium,Low Risk
STU0881,22,Male,86.8,4.2,43.1,80.4,72.0,5,0,71.2,Medium,Low Risk
STU0882,18,Female,99.9,7.4,48.9,67.0,37.7,4,1,68.7,Medium,Low Risk
STU0883,19,Female,96.7,5.9,87.1,84.9,72.4,6,3,70.2,Medium,Low Risk
STU0884,21,Female,82.1,6.1,90.6,61.4,53.5,3,0,70.9,Medium,Low Risk
STU0885,23,Male,71.1,7.0,60.2,78.1,57.1,8,1,74.0,Medium,Medium Risk
STU0886,17,Male,81.8,2.9,38.0,51.2,81.2,6,0,63.9,Medium,Medium Risk
STU0887,18,Male,89.3,6.6,37.4,85.0,83.7,10,1,67.2,Medium,Low Risk
STU0888,18,Female,55.9,2.4,69.4,72.7,59.0,5,1,59.4,Medium,High Risk
STU0889,22,Male,70.5,3.4,58.6,52.2,91.8,2,2,57.6,Medium,Medium Risk
STU0890,18,Female,92.0,3.3,36.7,57.5,59.4,10,0,63.1,Medium,Medium Risk
STU0891,19,Female,69.2,7.8,70.0,84.9,81.3,10,3,70.0,Medium,Medium Risk
STU0892,21,Male,78.6,7.0,35.7,69.0,64.0,7,2,67.4,Medium,Low Risk
STU0893,21,Female,79.4,5.9,82.2,53.0,88.9,2,2,65.0,Medium,Low Risk
STU0894,23,Male,59.2,6.1,53.4,98.0,89.5,1,3,63.1,Medium,Medium Risk
STU0895,17,Male,68.1,4.9,37.4,82.9,40.2,7,1,60.3,Medium,Medium Risk
STU0896,22,Male,66.7,7.6,70.3,97.4,91.2,5,3,61.6,Medium,Medium Risk
STU0897,17,Male,51.3,4.5,58.9,65.6,84.5,1,0,62.4,Medium,Medium Risk
STU0898,18,Male,51.2,3.7,93.4,68.5,82.5,4,3,56.5,Medium,Medium Risk
STU0899,23,Female,91.6,2.1,67.7,93.9,47.1,4,1,65.6,Medium,Low Risk
STU0900,17,Female,63.7,6.5,51.5,71.5,83.3,10,3,66.2,Medium,Medium Risk
STU0901,19,Female,75.9,6.1,77.6,82.4,86.0,7,1,80.0,High,Low Risk
STU0902,21,Male,64.9,3.7,51.3,55.1,52.3,9,1,52.7,Medium,Medium Risk
STU0903,18,Male,97.0,1.2,89.3,66.8,92.1,2,0,73.8,Medium,Low Risk
STU0904,23,Male,63.0,6.9,57.5,47.4,38.0,1,3,48.5,Low,High Risk
STU0905,17,Female,71.5,1.1,68.0,52.4,44.0,2,3,42.9,Low,High Risk
STU0906,22,Male,93.6,5.9,38.0,40.1,67.3,7,0,72.5,Medium,Low Risk
STU0907,19,Female,92.1,7.8,60.6,42.4,69.5,10,1,67.8,Medium,Low Risk
STU0908,19,Female,59.3,4.1,84.9,98.6,73.7,6,3,60.6,Medium,Medium Risk
STU0909,17,Male,90.1,2.6,83.3,54.5,36.0,4,0,60.7,Medium,Medium Risk
STU0910,21,Male,72.9,5.9,48.5,79.8,92.6,1,1,75.2,High,Medium Risk
STU0911,17,Female,74.1,6.7,48.6,90.3,37.7,1,0,67.2,Medium,Medium Risk
STU0912,18,Male,56.7,4.8,84.0,73.0,43.6,5,3,58.6,Medium,Medium Risk
STU0913,17,Female,54.0,7.8,90.8,49.2,35.8,1,0,70.9,Medium,Medium Risk
STU0914,19,Male,86.4,1.4,40.7,83.7,69.0,7,2,56.6,Medium,Medium Risk
STU0915,23,Male,74.8,4.5,62.0,76.0,90.9,1,1,63.6,Medium,Medium Risk
STU0916,17,Female,71.8,6.0,55.2,83.9,75.0,1,2,73.9,Medium,Medium Risk
STU0917,21,Male,86.5,7.0,87.2,86.2,84.4,2,2,87.4,High,Low Risk
STU0918,23,Female,88.3,2.3,40.0,98.5,35.8,10,1,55.1,Medium,Medium Risk
STU0919,22,Male,57.9,6.6,47.7,74.4,67.5,3,1,55.3,Medium,Medium Risk
STU0920,20,Female,80.5,4.9,80.1,60.5,62.6,1,0,62.2,Medium,Medium Risk
STU0921,17,Female,56.8,3.8,38.1,78.9,64.9,9,1,54.4,Medium,Medium Risk
STU0922,21,Male,87.6,1.9,64.6,44.1,39.3,10,2,44.5,Low,High Risk
STU0923,23,Female,82.8,7.1,61.5,93.8,76.1,8,2,65.5,Medium,Low Risk
STU0924,21,Male,97.8,2.1,55.1,47.2,65.2,5,3,43.9,Low,High Risk
STU0925,22,Male,53.4,3.2,58.7,59.7,80.9,2,1,52.9,Medium,Medium Risk
STU0926,19,Male,52.9,3.0,66.8,88.9,64.1,5,2,55.2,Medium,Medium Risk
STU0927,21,Female,64.1,7.1,44.7,75.8,44.0,6,3,60.9,Medium,Medium Risk
STU0928,23,Female,63.1,5.7,69.3,63.6,73.9,1,3,61.6,Medium,Medium Risk
STU0929,21,Male,62.3,6.6,83.3,68.4,45.3,4,0,66.1,Medium,Medium Risk
STU0930,21,Male,95.3,2.8,80.6,91.3,87.3,9,2,74.0,Medium,Low Risk
STU0931,21,Female,62.5,5.4,44.2,60.4,71.8,2,0,62.8,Medium,Medium Risk
STU0932,18,Male,63.6,5.0,44.0,92.2,44.4,5,2,57.6,Medium,Medium Risk
STU0933,18,Male,88.0,6.8,51.1,45.3,92.7,1,0,74.4,Medium,Low Risk
STU0934,19,Female,72.5,7.3,56.7,86.6,66.1,4,0,79.1,High,Medium Risk
STU0935,17,Male,88.8,1.1,59.5,90.9,39.4,4,1,59.5,Medium,Medium Risk
STU0936,21,Female,53.3,5.7,75.8,50.9,72.6,6,0,65.3,Medium,Medium Risk
STU0937,22,Male,74.4,1.4,38.4,65.8,50.2,10,1,46.1,Low,High Risk
STU0938,17,Female,51.7,4.8,37.1,49.9,83.2,9,3,52.1,Medium,Medium Risk
STU0939,22,Male,53.1,3.0,58.5,82.4,84.1,3,2,52.1,Medium,Medium Risk
STU0940,17,Male,95.3,3.1,76.8,72.1,93.7,9,3,60.0,Medium,Medium Risk
STU0941,19,Female,57.0,3.5,46.6,78.1,65.1,6,2,43.5,Low,High Risk
STU0942,21,Male,76.6,5.3,73.5,51.8,62.3,7,3,54.3,Medium,Medium Risk
STU0943,21,Female,70.6,3.3,50.6,52.7,80.2,10,2,57.3,Medium,Medium Risk
STU0944,20,Male,67.4,6.1,88.2,42.5,42.9,2,0,62.6,Medium,Medium Risk
STU0945,22,Female,95.0,3.8,88.7,59.3,67.8,10,2,68.5,Medium,Low Risk
STU0946,17,Female,51.1,1.5,52.8,73.6,67.8,6,2,43.2,Low,High Risk
STU0947,17,Female,83.2,6.5,48.8,91.5,40.4,6,3,57.2,Medium,Medium Risk
STU0948,18,Female,98.2,3.0,59.7,80.0,60.1,2,3,53.9,Medium,Medium Risk
STU0949,20,Male,78.0,4.0,49.4,66.1,86.2,2,3,57.1,Medium,Medium Risk
STU0950,23,Male,96.8,5.8,75.3,97.2,86.4,2,1,81.7,High,Low Risk
STU0951,23,Female,52.6,3.3,84.6,83.2,41.0,10,1,58.1,Medium,Medium Risk
STU0952,18,Female,70.9,1.4,75.4,95.8,40.4,1,2,54.2,Medium,Medium Risk
STU0953,18,Female,63.0,3.6,84.5,71.7,50.8,5,2,55.6,Medium,Medium Risk
STU0954,18,Male,86.5,7.6,58.8,55.5,87.5,8,0,70.7,Medium,Low Risk
STU0955,22,Male,99.1,5.5,44.4,43.2,42.7,2,0,67.8,Medium,Low Risk
STU0956,22,Male,62.8,5.7,79.3,83.6,78.2,5,2,67.6,Medium,Medium Risk
STU0957,19,Male,82.7,5.4,56.6,47.3,41.1,8,1,58.2,Medium,Medium Risk
STU0958,19,Female,59.9,2.4,75.3,58.2,72.4,10,2,61.2,Medium,High Risk
STU0959,18,Female,78.3,3.9,51.2,71.9,56.4,5,0,66.2,Medium,Low Risk
STU0960,20,Female,73.2,6.3,39.9,73.9,82.3,2,1,68.8,Medium,Medium Risk
STU0961,17,Male,98.6,1.7,94.6,76.0,49.0,3,1,66.0,Medium,Low Risk
STU0962,22,Male,80.4,2.9,44.4,50.0,73.4,6,0,58.4,Medium,Medium Risk
STU0963,20,Male,67.5,2.9,94.3,62.8,49.1,5,2,57.4,Medium,Medium Risk
STU0964,21,Female,55.7,4.0,93.6,77.0,77.8,4,3,62.8,Medium,Medium Risk
STU0965,22,Female,57.6,7.9,82.6,98.2,87.4,4,2,85.4,High,Medium Risk
STU0966,22,Male,61.3,1.5,74.6,83.7,42.6,5,2,61.4,Medium,High Risk
STU0967,19,Female,62.5,4.6,69.7,95.4,87.0,2,0,74.2,Medium,Medium Risk
STU0968,17,Male,92.5,2.3,87.0,85.7,70.6,9,1,59.5,Medium,Medium Risk
STU0969,17,Male,78.1,7.8,52.4,75.5,42.6,2,0,64.6,Medium,Medium Risk
STU0970,23,Female,76.2,1.8,63.1,51.5,60.7,10,2,59.1,Medium,Medium Risk
STU0971,23,Male,55.7,3.8,72.2,80.0,44.7,2,3,53.4,Medium,Medium Risk
STU0972,23,Female,93.0,6.2,59.7,77.4,77.0,10,3,70.8,Medium,Low Risk
STU0973,23,Male,86.1,5.9,60.6,76.1,80.5,9,3,66.1,Medium,Low Risk
STU0974,21,Female,53.4,4.0,54.8,69.4,41.3,3,0,47.0,Low,High Risk
STU0975,21,Female,85.4,3.4,68.9,71.7,65.4,10,1,72.9,Medium,Low Risk
STU0976,22,Female,77.2,3.8,86.0,60.1,83.9,7,0,67.7,Medium,Low Risk
STU0977,18,Male,54.1,2.8,47.1,71.2,91.2,4,3,53.5,Medium,High Risk
STU0978,19,Male,72.9,2.4,91.1,51.9,65.8,6,2,50.9,Medium,Medium Risk
STU0979,19,Female,74.2,4.4,76.3,88.3,92.0,4,1,72.4,Medium,Medium Risk
STU0980,23,Female,58.3,2.9,84.4,51.1,67.1,10,0,64.8,Medium,High Risk
STU0981,22,Male,97.3,3.0,68.4,45.1,58.7,7,0,62.8,Medium,Medium Risk
STU0982,20,Male,92.5,5.6,81.8,66.2,85.9,1,1,75.8,High,Low Risk
STU0983,18,Male,83.5,7.8,36.0,79.5,64.6,3,1,69.5,Medium,Low Risk
STU0984,22,Female,73.1,5.2,84.1,66.3,63.3,3,2,58.0,Medium,Medium Risk
STU0985,18,Male,70.6,1.5,37.4,56.6,64.4,1,1,39.6,Low,High Risk
STU0986,18,Male,82.5,1.5,88.4,73.5,85.8,6,2,67.8,Medium,Low Risk
STU0987,18,Female,77.3,7.7,94.5,60.8,84.9,9,3,72.5,Medium,Low Risk
STU0988,22,Male,53.1,3.1,52.6,96.0,59.2,8,3,52.3,Medium,Medium Risk
STU0989,23,Male,75.6,1.6,47.6,95.4,55.0,7,0,63.3,Medium,Medium Risk
STU0990,19,Male,90.3,5.2,80.9,70.1,64.5,10,3,72.2,Medium,Low Risk
STU0991,19,Female,73.0,5.4,50.2,59.7,69.4,8,3,47.5,Low,High Risk
STU0992,23,Female,52.6,5.5,86.9,84.2,49.3,6,2,57.3,Medium,Medium Risk
STU0993,18,Female,89.3,2.9,41.2,42.2,82.6,9,0,63.4,Medium,Medium Risk
STU0994,20,Female,60.1,1.1,42.6,68.5,64.2,3,1,49.2,Low,High Risk
STU0995,17,Female,62.9,7.8,93.7,60.2,55.0,10,0,85.2,High,Medium Risk
STU0996,22,Female,58.2,2.8,75.4,95.2,41.4,10,3,45.7,Low,High Risk
STU0997,17,Female,66.5,5.7,85.8,40.7,49.3,9,1,66.8,Medium,Medium Risk
STU0998,23,Male,87.8,5.9,54.5,73.2,92.0,4,0,78.8,High,Low Risk
STU0999,20,Male,76.0,5.3,75.6,84.4,53.3,7,0,62.5,Medium,Medium Risk
STU1000,22,Female,60.2,3.2,70.7,69.1,45.1,9,0,53.8,Medium,Medium Risk
